"code_station","libelle_station","libelle_reseau","date_observation","code_ecoulement","libelle_ecoulement","latitude","longitude","date_label"
"Y8400001","L'Ese au pont de Zipitoli","Onde OFB",2023-06-29,"1","Ecoulement visible",41.9605385328083,9.00525146544669,"29 juin 2023"
"Y8310001","Le Pantanu au pont du hameau de Costeglia","Onde OFB",2023-06-29,"1","Ecoulement visible",42.043611234984,8.92109321247293,"29 juin 2023"
"Y9800001","L'Orgone au bout de la piste de la carriÃ¨re","Onde OFB",2023-06-28,"1","Ecoulement visible",41.5528876370592,9.15362324768176,"28 juin 2023"
"Y9610001","Le Tarcu au pont de la RD 168","Onde OFB",2023-06-28,"1","Ecoulement visible",41.7490686023717,9.36898413953291,"28 juin 2023"
"Y9700001","Le Cavu au pont de Purcilella","Onde OFB",2023-06-28,"1","Ecoulement visible",41.7061423408483,9.33387934966765,"28 juin 2023"
"Y9710001","L'Osu au pont de l'ancienne voie ferrÃ©e","Onde OFB",2023-06-28,"1","Ecoulement visible",41.6707298903344,9.3001742617508,"28 juin 2023"
"Y9610002","La Favone sur la piste DFCI Ã  l'amont de la confluence avec le Barrarecciu","Onde OFB",2023-06-28,"1","Ecoulement visible",41.7756831465051,9.38241383549568,"28 juin 2023"
"Y7920002","Le Dardo au stade de Piana","Onde OFB",2023-06-27,"1","Ecoulement visible",42.240307558747,8.65585190511525,"27 juin 2023"
"Y7920001","Le Chiuni Ã  l'aval du pont de Chiuni","Onde OFB",2023-06-27,"1","Ecoulement visible",42.183614762039,8.61645324441259,"27 juin 2023"
"Y8000001","La riviÃ¨re de Sagone entre le ruisseau de Cesara et le ruisseau de Cammerinu","Onde OFB",2023-06-27,"1","Ecoulement visible",42.150013157175,8.72500697433451,"27 juin 2023"
"Y8610001","Ruisseau de Chiova au pont de la RD 26","Onde OFB",2023-06-27,"1","Ecoulement visible",41.8751863898633,9.0061070000165,"27 juin 2023"
"D0137051","La riviÃ¨re du pont de sains Ã  Etroeungt","Onde OFB",2023-06-27,"1","Ecoulement visible",50.0560698064639,3.98849742318136,"27 juin 2023"
"E490 9412","La Sale Becque Ã  Oudezeele","Onde OFB",2023-06-27,"1","Ecoulement visible",50.8548141482857,2.50226948774183,"27 juin 2023"
"E6456512","La NiÃ¨vre Ã  Havernas","Onde OFB",2023-06-27,"1","Ecoulement visible",50.039782078379,2.23112698308069,"27 juin 2023"
"E236 8311","Le Courant de la fontaine d'hertain Ã  Wallers","Onde OFB",2023-06-27,"1","Ecoulement visible",50.3893207670403,3.37299192522697,"27 juin 2023"
"E184 0003","Le courant de Macou Ã  CondÃ©-sur-L'Escaut","Onde OFB",2023-06-27,"1","Ecoulement visible",50.4771764542566,3.62676440573154,"27 juin 2023"
"E176 6014","Les Harpies Ã  Bousies","Onde OFB",2023-06-27,"1","Ecoulement visible",50.1545143689391,3.61214018981628,"27 juin 2023"
"E3666012","La Meteren Becque Ã  Le Doulieu","Onde OFB",2023-06-27,"1","Ecoulement visible",50.6780697536629,2.70063420034044,"27 juin 2023"
"E3658512","La Plate Becque Ã  Vieux Berquin","Onde OFB",2023-06-27,"1","Ecoulement visible",50.6781623619614,2.65019685716804,"27 juin 2023"
"E1280001","Le Torrent d'Esnes Ã  Esnes","Onde OFB",2023-06-27,"1","Ecoulement visible",50.1005572380531,3.30900050153403,"27 juin 2023"
"E1727511","Le Ruisseau de Richemont Ã  Montay","Onde OFB",2023-06-27,"1","Ecoulement visible",50.1210383080828,3.55439280786367,"27 juin 2023"
"E1766011","L'Ecaillon Ã  Louvignies-Quesnoy","Onde OFB",2023-06-27,"1","Ecoulement visible",50.2142373500271,3.65322249576572,"27 juin 2023"
"D0110001","La Rivierette Ã  Prisches","Onde OFB",2023-06-27,"1","Ecoulement visible",50.0935504214712,3.73685654702153,"27 juin 2023"
"D0158501","Le Ruisseau de Montbliart Ã  Eppe-Sauvage","Onde OFB",2023-06-27,"1","Ecoulement visible",50.1182417921929,4.17810223799024,"27 juin 2023"
"E1827021","L'Aunelle Ã  Gommegnies","Onde OFB",2023-06-27,"1","Ecoulement visible",50.2700269188506,3.70295804748027,"27 juin 2023"
"D0206021","La Solre Ã  Lez-Fontaine","Onde OFB",2023-06-27,"1","Ecoulement visible",50.1832024294774,4.06572339079716,"27 juin 2023"
"E4907010","La Peene Becque Ã  Wormhout","Onde OFB",2023-06-27,"1","Ecoulement visible",50.8827166670707,2.47004970264615,"27 juin 2023"
"E3658511","La Borre Becque Ã  Hazebroucck","Onde OFB",2023-06-27,"1","Ecoulement visible",50.7439391854247,2.52621370035148,"27 juin 2023"
"E2330001","Le Courant du pont de beuvry Ã  Mons-en-Pevele","Onde OFB",2023-06-27,"1","Ecoulement visible",50.4659194573175,3.11923829175199,"27 juin 2023"
"Y1345011","Le Tenten Ã  Verdun-en-Lauragais","Onde OFB",2023-06-27,"1","Ecoulement visible",43.3700056165401,2.06025851284003,"27 juin 2023"
"Y1300001","Le Fresquel Ã  Souilhanels","Onde OFB",2023-06-27,"1","Ecoulement visible",43.3521211530512,1.92330607498745,"27 juin 2023"
"Y1325011","Le TrÃ©boul Ã  Castelnaudary","Onde OFB",2023-06-27,"1","Ecoulement visible",43.3090242382513,1.93701238422192,"27 juin 2023"
"O2200001","L'Hers Mort Ã  Fonters-du-RazÃ¨s","Onde OFB",2023-06-27,"1","Ecoulement visible",43.2416417101721,1.92115347459569,"27 juin 2023"
"Y1152012","Le Cougaing Ã  la Digne-d'Amont","Onde OFB",2023-06-27,"1","Ecoulement visible",43.0407554465068,2.15860812704829,"27 juin 2023"
"Y1135011","La Blanque Ã  Bugarach","Onde OFB",2023-06-27,"1","Ecoulement visible",42.907337225259,2.31949177387082,"27 juin 2023"
"Y1435411","L'Argent Double Ã  Peyriac-Minervois","Onde OFB",2023-06-27,"1","Ecoulement visible",43.2923757826323,2.56795988929403,"27 juin 2023"
"Y1570001","L'Aussou Ã  Ornaisons","Onde OFB",2023-06-27,"1","Ecoulement visible",43.179019823363,2.83982518557916,"27 juin 2023"
"Y1540001","L'Orbieu Ã  Fabrezan","Onde OFB",2023-06-27,"1","Ecoulement visible",43.1350367306042,2.70019867021421,"27 juin 2023"
"Y1524021","L'Orbieu Ã  St-Martin-des-Puits","Onde OFB",2023-06-27,"1","Ecoulement visible",43.0432435674065,2.56607712171585,"27 juin 2023"
"Y1605061","Cesse au niveau du pont-canal Ã  SallÃ¨le d'Aude","Onde OFB",2023-06-27,"1","Ecoulement visible",43.2800885342264,2.91546666424936,"27 juin 2023"
"E2377211","Le courant de l'hÃ´pital Ã  Orchies","Onde OFB",2023-06-27,"1","Ecoulement visible",50.4847860193299,3.23735970483776,"27 juin 2023"
"Y7910001","Le Lonca au sentier montant Ã  la prise d'eau","Onde OFB",2023-06-27,"1","Ecoulement visible",42.2563829890602,8.76622964044502,"27 juin 2023"
"Y8600001","Le Barbalato aprÃ¨s sa confluence avec le ruisseau de Foroli","Onde OFB",2023-06-27,"1","Ecoulement visible",41.9330322700746,9.11530853623623,"27 juin 2023"
"E6397031","L'Hallue Ã  Contay","Onde OFB",2023-06-27,"1","Ecoulement visible",50.0039160762629,2.47993608722113,"27 juin 2023"
"E6456514","La Fieffe Ã  Fieffes","Onde OFB",2023-06-27,"1","Ecoulement visible",50.0792153684051,2.23002810716809,"27 juin 2023"
"E490 9413","L'Yser Ã  Esquelbecq","Onde OFB",2023-06-27,"1","Ecoulement visible",50.8823517077716,2.4093326630566,"27 juin 2023"
"E182 7024","L'Hogneau Ã  La Longueville","Onde OFB",2023-06-27,"1","Ecoulement visible",50.2905613774759,3.85314226989233,"27 juin 2023"
"D015 8503","Le Ruisseau de Tarsy Ã  Dourlers","Onde OFB",2023-06-27,"1","Ecoulement visible",50.1746085386404,3.93765249661309,"27 juin 2023"
"E2377212","L'Elnon Ã  Rumegies","Onde OFB",2023-06-27,"1","Ecoulement visible",50.5081393107613,3.33787661569508,"27 juin 2023"
"D0137052","L'Helpe mineure Ã  Fourmies","Onde OFB",2023-06-27,"1","Ecoulement visible",50.0168190614026,4.04243266430762,"27 juin 2023"
"E3666013","La Becques de Saint-Jans-Cappel Ã  Saint-Jans-Cappel","Onde OFB",2023-06-27,"1","Ecoulement visible",50.7601578358754,2.72375510249548,"27 juin 2023"
"E3346021","Le ZÃ©cart Ã  Genech","Onde OFB",2023-06-27,"1","Ecoulement visible",50.535019365112,3.20069577727819,"27 juin 2023"
"Y0655021","Le Verdouble Ã  Padern","Onde OFB",2023-06-27,"1","Ecoulement visible",42.8668267332023,2.64046682575359,"27 juin 2023"
"Y1416211","La Clamoux Ã  Cabrespine","Onde OFB",2023-06-27,"1","Ecoulement visible",43.3629538702743,2.4609084879052,"27 juin 2023"
"O1600001","La VixiÃ¨ge Ã  Orsans","Onde OFB",2023-06-27,"1","Ecoulement visible",43.1559346339193,1.98123331832333,"27 juin 2023"
"O1610001","La VixiÃ¨ge Ã  Gaja-la-Selve","Onde OFB",2023-06-27,"1","Ecoulement visible",43.1881111921169,1.90308403937952,"27 juin 2023"
"O1510001","L'Ambronne Ã  St-BenoÃ®t","Onde OFB",2023-06-27,"1","Ecoulement visible",43.0181052315152,2.06280053528235,"27 juin 2023"
"Y1205011","Le Sou Ã  Cambieure","Onde OFB",2023-06-27,"1","Ecoulement visible",43.12433883519,2.13221575693074,"27 juin 2023"
"Y1152011","La Corneilha Ã  BouriÃ¨ge","Onde OFB",2023-06-27,"1","Ecoulement visible",42.9867394249561,2.16680118254456,"27 juin 2023"
"Y1416212","L'Orbiel Ã  Conques-sur-Orbiel","Onde OFB",2023-06-27,"1","Ecoulement visible",43.2863209268282,2.40170062767828,"27 juin 2023"
"O1464011","Le Blau Ã  Puivert","Onde OFB",2023-06-27,"1","Ecoulement visible",42.9340143065521,2.04441364996149,"27 juin 2023"
"Y1105011","Le Rebenty Ã  Belfort-sur-Rebenty","Onde OFB",2023-06-27,"1","Ecoulement visible",42.8305698485593,2.05692054638191,"27 juin 2023"
"Y1112011","Le Saint Bertrand Ã  Quillan","Onde OFB",2023-06-27,"1","Ecoulement visible",42.8689940922146,2.21458940901154,"27 juin 2023"
"Y1225021","Le Lauquet Ã  Clermont-sur-Lauquet","Onde OFB",2023-06-27,"1","Ecoulement visible",43.0444831719874,2.42083211495401,"27 juin 2023"
"Y1510001","L'Orbieu Ã  Lanet","Onde OFB",2023-06-27,"1","Ecoulement visible",42.9714076681025,2.48185675854635,"27 juin 2023"
"Y1535210","Le Sou Ã  Lagrasse","Onde OFB",2023-06-27,"1","Ecoulement visible",43.0941059298846,2.59925539892613,"27 juin 2023"
"E1840002","La Calonne Ã  Flines-les-Mortagne","Onde OFB",2023-06-27,"1","Ecoulement visible",50.4987719843794,3.48708323698279,"27 juin 2023"
"E1766013","La Rhonelle Ã  Villereau","Onde OFB",2023-06-27,"1","Ecoulement visible",50.255056769379,3.66205575401525,"27 juin 2023"
"E1827023","Le ruisseau de l'hÃ´pital Ã  Villers-Sire-Nicole","Onde OFB",2023-06-27,"1","Ecoulement visible",50.3252190211879,4.01131348277932,"27 juin 2023"
"W2767213","Le Gavet Ã  Livet-Gavet (Piscine)","Onde OFB",2023-07-04,"1a","Ecoulement visible acceptable",45.0664463395982,5.87056264825619,"4 juillet 2023"
"V1525411","L'Ainan Ã  Chirens (Pont de l'Arsenal)","Onde OFB",2023-07-04,"1a","Ecoulement visible acceptable",45.4304656721281,5.57114035023453,"4 juillet 2023"
"V1714011","La Bourbre Ã  Saint-Jean-de-Soudain","Onde OFB",2023-07-04,"1a","Ecoulement visible acceptable",45.564667197603,5.42722713592091,"4 juillet 2023"
"W3315011","La MartiniÃ¨re Ã  Villard-de-Lans","Onde OFB",2023-07-04,"1a","Ecoulement visible acceptable",45.0877641655652,5.52173850732978,"4 juillet 2023"
"V175 5012","Le Catelan Ã  St-Marcel-Bel-Accueil","Onde OFB",2023-07-04,"1a","Ecoulement visible acceptable",45.6313263094505,5.23836642380244,"4 juillet 2023"
"V175 5011","La Petite Vaudaine Ã  Livet-et-Gavet","Onde OFB",2023-07-04,"1a","Ecoulement visible acceptable",45.1143750259875,5.95485315049711,"4 juillet 2023"
"V150 6011","Le Merdaret Ã  St Joseph de RiviÃ¨re","Onde OFB",2023-07-04,"1a","Ecoulement visible acceptable",45.3727635677333,5.68727394634554,"4 juillet 2023"
"W1310012","La Coche Ã  Theys","Onde OFB",2023-07-04,"1a","Ecoulement visible acceptable",45.3206557334272,6.01764336089079,"4 juillet 2023"
"W1410011","Le Versoud au Versoud (Pont RD523)","Onde OFB",2023-07-04,"1a","Ecoulement visible acceptable",45.2156505474909,5.86221004866187,"4 juillet 2023"
"W2405021","La Jonche Ã  Pierre-ChÃ¢tel (pont de la dÃ©viation)","Onde OFB",2023-07-04,"1a","Ecoulement visible acceptable",44.9592033578713,5.78051816037792,"4 juillet 2023"
"W2520001","Le Chante-Merle Ã  PrÃ©bois (dit l'Amourette)","Onde OFB",2023-07-04,"1a","Ecoulement visible acceptable",44.8083699916879,5.70126816818821,"4 juillet 2023"
"W2314011","La Bonne Ã  Valjouffrey","Onde OFB",2023-07-04,"1a","Ecoulement visible acceptable",44.8805089048694,6.0010408863437,"4 juillet 2023"
"W2335211","La Roizonne Ã  Lavaldens (Pont des Fraux)","Onde OFB",2023-07-04,"1a","Ecoulement visible acceptable",44.97651566446,5.88263642392825,"4 juillet 2023"
"W2500001","Le Sauvey Ã  Treminis (dit le Bourgeneuf)","Onde OFB",2023-07-04,"1a","Ecoulement visible acceptable",44.7402330222128,5.75783071390113,"4 juillet 2023"
"W2750001","Le Moulin Ã  Allemond (Pont D526)","Onde OFB",2023-07-04,"1a","Ecoulement visible acceptable",45.1297841910707,6.03906671699753,"4 juillet 2023"
"W2767212","Le BÃ¢ton Ã  Livet-Gavet (Pont route de la chapelle)","Onde OFB",2023-07-04,"1a","Ecoulement visible acceptable",45.1208827183088,5.97757292612794,"4 juillet 2023"
"W3020002","La Voroize Ã  Veurey-Voroize (Pont D3)","Onde OFB",2023-07-04,"1a","Ecoulement visible acceptable",45.2699215033063,5.61825964297192,"4 juillet 2023"
"W2832012","La Pissarde Ã  Claix (ZI des Beauches)","Onde OFB",2023-07-04,"1a","Ecoulement visible acceptable",45.1138581239564,5.67866854573884,"4 juillet 2023"
"W3020001","Le Lanfray Ã  Fontanil-Cornillon (pont N75)","Onde OFB",2023-07-04,"1a","Ecoulement visible acceptable",45.2536554352796,5.66244054162244,"4 juillet 2023"
"W2746011","La Sarenne Ã  Bourg-d'Oisans ","Onde OFB",2023-07-04,"1a","Ecoulement visible acceptable",45.0643733295883,6.0391049927579,"4 juillet 2023"
"W2804021","La Gresse Ã  Gresse ","Onde OFB",2023-07-04,"1a","Ecoulement visible acceptable",44.8919420229889,5.54743237117833,"4 juillet 2023"
"V1610003","Le Bordel Ã  Morestel","Onde OFB",2023-07-04,"1a","Ecoulement visible acceptable",45.6835002082186,5.460692155124,"4 juillet 2023"
"V3204011","La GÃ¨re Ã  Meyssies","Onde OFB",2023-07-04,"1a","Ecoulement visible acceptable",45.4709267000819,5.05807677059821,"4 juillet 2023"
"W321 0001","L'Ivery Ã  Serre Nerpol","Onde OFB",2023-07-04,"1a","Ecoulement visible acceptable",45.2467728893869,5.38312214236154,"4 juillet 2023"
"W322 0001","Le Neyron Ã  IZERON","Onde OFB",2023-07-04,"1a","Ecoulement visible acceptable",45.1430679986073,5.37093379104083,"4 juillet 2023"
"Q7002914","La Mielle Ã  Moumour","Onde OFB",2023-07-03,"1a","Ecoulement visible acceptable",43.2195431690546,-0.653655083261525,"3 juillet 2023"
"Q5150001","L'Ousse Ã  Idron","Onde OFB",2023-07-03,"1a","Ecoulement visible acceptable",43.2913339063192,-0.323586240236924,"3 juillet 2023"
"Q7002911","L'Escou Ã  GoÃ¨s","Onde OFB",2023-07-03,"1a","Ecoulement visible acceptable",43.2014155753758,-0.58875433344202,"3 juillet 2023"
"Q7420001","Le Saleys Ã  Salies-de-BÃ©arn","Onde OFB",2023-07-03,"1a","Ecoulement visible acceptable",43.4721986476215,-0.92530611764502,"3 juillet 2023"
"Q8130001","La Bidouze Ã  Bergouey-Viellenave","Onde OFB",2023-07-03,"1a","Ecoulement visible acceptable",43.4155867482851,-1.06087985063747,"3 juillet 2023"
"Q7150001","Le Lausset Ã  Araux","Onde OFB",2023-07-03,"1a","Ecoulement visible acceptable",43.3530718613227,-0.809144105258305,"3 juillet 2023"
"Q5340001","La Bayse Ã  Mourenx","Onde OFB",2023-07-03,"1a","Ecoulement visible acceptable",43.378842636327,-0.612415036734671,"3 juillet 2023"
"Q7350001","Le Saison Ã  Osserain-Rivareyte","Onde OFB",2023-07-03,"1a","Ecoulement visible acceptable",43.3811066388565,-0.949368891518998,"3 juillet 2023"
"Q520 0001","Le Soust Ã  Gelos","Onde OFB",2023-07-03,"1a","Ecoulement visible acceptable",43.2784338030402,-0.375837261206792,"3 juillet 2023"
"O8510001","Le ruisseau de Saint-MatrÃ© Ã  GrÃ©zels","Onde OFB",2023-07-02,"1a","Ecoulement visible acceptable",44.4623133126023,1.14823765203641,"2 juillet 2023"
"P2210001","Le ruisseau d'Aynac Ã  l'aval d'Aynac","Onde OFB",2023-07-02,"1a","Ecoulement visible acceptable",44.7589187815891,1.8487531352588,"2 juillet 2023"
"O8410002","Le Vers Ã  Vers","Onde OFB",2023-07-02,"1a","Ecoulement visible acceptable",44.5001022299629,1.55669450240305,"2 juillet 2023"
"P2030001","Le Tolerme Ã  SÃ©naillac-LatronquiÃ¨re","Onde OFB",2023-07-02,"1a","Ecoulement visible acceptable",44.8242084221188,2.063263787334,"2 juillet 2023"
"Y4200003","La Touloubre Ã  Saint-Cannat","Onde OFB",2023-06-27,"1a","Ecoulement visible acceptable",43.6002453231963,5.2954121630504,"27 juin 2023"
"O4030001","Le Grelle Ã  Moulin-Mage","Onde OFB",2023-06-27,"1a","Ecoulement visible acceptable",43.7189986004161,2.78230439725591,"27 juin 2023"
"Y4022013","Le Bayeux avant sa confluence avec l'Arc","Onde OFB",2023-06-27,"1a","Ecoulement visible acceptable",43.5057423916621,5.53227292349855,"27 juin 2023"
"O4514031","L'Orival Ã  SorÃ¨ze","Onde OFB",2023-06-27,"1a","Ecoulement visible acceptable",43.4539741776318,2.0529489981672,"27 juin 2023"
"O4710001","L'Oulas Ã  Paulinet","Onde OFB",2023-06-27,"1a","Ecoulement visible acceptable",43.8679583012172,2.45765526361709,"27 juin 2023"
"O4610002","Le Poulobre Ã  JonquiÃ¨res","Onde OFB",2023-06-27,"1a","Ecoulement visible acceptable",43.6751228318586,2.14410825521492,"27 juin 2023"
"O4500001","Le Rieu-Grand Ã  Arfons","Onde OFB",2023-06-27,"1a","Ecoulement visible acceptable",43.4372813648424,2.16531985601605,"27 juin 2023"
"W2520001","Le Chante-Merle Ã  PrÃ©bois (dit l'Amourette)","Onde OFB",2023-06-27,"1a","Ecoulement visible acceptable",44.8083699916879,5.70126816818821,"27 juin 2023"
"U0444311","Ruisseau des Coudriers Ã  Aillevillers-et-Lyaumont","Onde OFB",2023-06-27,"1a","Ecoulement visible acceptable",47.9504083673231,6.38404659796852,"27 juin 2023"
"W2405021","La Jonche Ã  Pierre-ChÃ¢tel (pont de la dÃ©viation)","Onde OFB",2023-06-27,"1a","Ecoulement visible acceptable",44.9592033578713,5.78051816037792,"27 juin 2023"
"U0455011","RiviÃ¨re la CombeautÃ© Ã  Saint-Loup-Sur-Semouse","Onde OFB",2023-06-27,"1a","Ecoulement visible acceptable",47.8746422071838,6.27109329477051,"27 juin 2023"
"U0825110","Ruisseau des Ã‰coulottes de Vars Ã  Auvet-et-La-Chapelotte","Onde OFB",2023-06-27,"1a","Ecoulement visible acceptable",47.5102113811061,5.51736740020526,"27 juin 2023"
"U0815011","Ruisseau la Colombine Ã  Choye","Onde OFB",2023-06-27,"1a","Ecoulement visible acceptable",47.3785244813967,5.77006240047179,"27 juin 2023"
"U0825111","Ruisseau la Soufroide Ã  Nantilly","Onde OFB",2023-06-27,"1a","Ecoulement visible acceptable",47.4599368945931,5.53128952468404,"27 juin 2023"
"F0500001","L'Arce Ã  Merrey sur Arce","Onde OFB",2023-06-27,"1a","Ecoulement visible acceptable",48.0964978143322,4.42263302217815,"27 juin 2023"
"I4200001","Souleuvre","Onde OFB",2023-06-27,"1a","Ecoulement visible acceptable",48.9159921378392,-0.756269798408848,"27 juin 2023"
"F3430001","Le Landion Ã  Chesley","Onde OFB",2023-06-27,"1a","Ecoulement visible acceptable",47.9664320559035,4.11857424331393,"27 juin 2023"
"F1270002","La Brevonne Ã  Juzanvigny","Onde OFB",2023-06-27,"1a","Ecoulement visible acceptable",48.4137897453628,4.58694271480905,"27 juin 2023"
"F4500001","LA SOURCE BLANCHE A PITHIVIERS-LE-VIEIL","Onde OFB",2023-06-27,"1a","Ecoulement visible acceptable",48.1549575009931,2.20015048959691,"27 juin 2023"
"F1330001","Le Ru Saussier Ã  Villiers le BrÃ»lÃ©","Onde OFB",2023-06-27,"1a","Ecoulement visible acceptable",48.3639219004366,4.36410367589308,"27 juin 2023"
"F0820001","La Boderonne Ã  Villy en Trodes","Onde OFB",2023-06-27,"1a","Ecoulement visible acceptable",48.1989459289433,4.38031061030502,"27 juin 2023"
"F0760001","La Hurande Ã  Saint Pouange","Onde OFB",2023-06-27,"1a","Ecoulement visible acceptable",48.2279317700032,4.06315935562686,"27 juin 2023"
"H7210001","Pennedepie","Onde OFB",2023-06-27,"1a","Ecoulement visible acceptable",49.39202696442,0.18570225524182,"27 juin 2023"
"F0730001","L'Hozain Ã  Isle- Aumont","Onde OFB",2023-06-27,"1a","Ecoulement visible acceptable",48.2116479031406,4.12907355484935,"27 juin 2023"
"L0624011","L'Aixette Ã  Meilhac","Onde OFB",2023-06-27,"1a","Ecoulement visible acceptable",45.7261184740305,1.12204570280199,"27 juin 2023"
"P6001511","Isle Ã  la Meyze","Onde OFB",2023-06-27,"1a","Ecoulement visible acceptable",45.6142646431673,1.21838709225802,"27 juin 2023"
"P7001511","La Dronne Ã  BussiÃ¨re Galant","Onde OFB",2023-06-27,"1a","Ecoulement visible acceptable",45.6197633440595,1.05391093325792,"27 juin 2023"
"R1000001","La Tardoire Ã  Chalus","Onde OFB",2023-06-27,"1a","Ecoulement visible acceptable",45.6564196539947,0.97751661949341,"27 juin 2023"
"R1100001","Le Bandiat Ã  la Chapelle Montbrandeix","Onde OFB",2023-06-27,"1a","Ecoulement visible acceptable",45.630177303223,0.851019162085861,"27 juin 2023"
"P1454011","La Bertrande Ã  Saint-Chamant","Onde OFB",2023-06-27,"1a","Ecoulement visible acceptable",45.0859560222051,2.46343996697965,"27 juin 2023"
"P1744011","La Jordanne Ã  Mousset","Onde OFB",2023-06-27,"1a","Ecoulement visible acceptable",44.9939217805936,2.54547974455446,"27 juin 2023"
"P1810001","Ruisseau de Cautrunes Ã  Jussac","Onde OFB",2023-06-27,"1a","Ecoulement visible acceptable",44.9971073333875,2.41410620377701,"27 juin 2023"
"P1700001","La CÃ¨re Ã  Saint Jacques-des-Blats","Onde OFB",2023-06-27,"1a","Ecoulement visible acceptable",45.061488633478,2.71717665270815,"27 juin 2023"
"P1810002","L'Authre Ã  Laroquevieille","Onde OFB",2023-06-27,"1a","Ecoulement visible acceptable",45.0208339157734,2.52870108604041,"27 juin 2023"
"P1460001","La Doire Ã  Tournemire","Onde OFB",2023-06-27,"1a","Ecoulement visible acceptable",45.0523722436722,2.51483524448996,"27 juin 2023"
"P1780810","Ruisseau de Faugrand Ã  Saint-Mamet-la-Salvetat","Onde OFB",2023-06-27,"1a","Ecoulement visible acceptable",44.8658763539692,2.35314692680903,"27 juin 2023"
"O8201511","Le CÃ©lÃ© Ã  Cassaniouze","Onde OFB",2023-06-27,"1a","Ecoulement visible acceptable",44.7035661506172,2.37744272695624,"27 juin 2023"
"P1834011","Ruisseau de Leynac Ã  Sansac-de-Marmiesse","Onde OFB",2023-06-27,"1a","Ecoulement visible acceptable",44.9075478275346,2.34427620108493,"27 juin 2023"
"O7470001","Ruisseau de Cussac Ã  Cussac","Onde OFB",2023-06-27,"1a","Ecoulement visible acceptable",44.9875201981241,2.94333398796478,"27 juin 2023"
"P0310001","Ruisseau de la Gazelle Ã  Segur-les-Villas","Onde OFB",2023-06-27,"1a","Ecoulement visible acceptable",45.2061345934091,2.84217374558432,"27 juin 2023"
"P1920001","Ruisseau affl. Ru de la Camp Ã  Saint-Saury","Onde OFB",2023-06-27,"1a","Ecoulement visible acceptable",44.8640837308436,2.14358400859802,"27 juin 2023"
"L0513011","La Petite Briance Ã  la Porcherie","Onde OFB",2023-06-27,"1a","Ecoulement visible acceptable",45.5870814464369,1.5157884902335,"27 juin 2023"
"L0070001","la Combade Ã  St Gilles la ForÃªt","Onde OFB",2023-06-27,"1a","Ecoulement visible acceptable",45.634939210204,1.69448289432984,"27 juin 2023"
"L0040001","ruisseau de Planchemouton Ã  eymoutiers","Onde OFB",2023-06-27,"1a","Ecoulement visible acceptable",45.7376126456144,1.75445123386175,"27 juin 2023"
"P6250001","ruisseau des Baraques Ã  Meuzac","Onde OFB",2023-06-27,"1a","Ecoulement visible acceptable",45.5342175267885,1.40052900004295,"27 juin 2023"
"L5223021","La Bazine Ã  St Junien les Combes","Onde OFB",2023-06-27,"1a","Ecoulement visible acceptable",46.1057588698974,1.11164359892184,"27 juin 2023"
"L5310001","Le Ruisseau des Planchettes Ã  St Sornin Leulac","Onde OFB",2023-06-27,"1a","Ecoulement visible acceptable",46.2065358409227,1.32075497689446,"27 juin 2023"
"R102 0001","La Colle Ã  Cussac","Onde OFB",2023-06-27,"1a","Ecoulement visible acceptable",45.6906801718743,0.82401572116184,"27 juin 2023"
"L091 4021","La Gorre Ã  Gorre","Onde OFB",2023-06-27,"1a","Ecoulement visible acceptable",45.7362504148688,0.984256600103365,"27 juin 2023"
"L053 0001 ","L'Anguienne Ã  St Paul","Onde OFB",2023-06-27,"1a","Ecoulement visible acceptable",45.7484818082326,1.43264037306223,"27 juin 2023"
"L032 1511","Le Parleur Ã  Ambazac","Onde OFB",2023-06-27,"1a","Ecoulement visible acceptable",45.9804907534441,1.3957385016545,"27 juin 2023"
"L081 3012","Le Gravelat Ã  St Junien","Onde OFB",2023-06-27,"1a","Ecoulement visible acceptable",45.9266138760132,0.955683165188387,"27 juin 2023"
"L080 0002","Le ruisseau de la Mothe Ã  Peyrilhac","Onde OFB",2023-06-27,"1a","Ecoulement visible acceptable",45.9375234704978,1.1052975614655,"27 juin 2023"
"L071 0001","Le ruisseau des rÃ¢ches Ã  Cognac la ForÃªt","Onde OFB",2023-06-27,"1a","Ecoulement visible acceptable",45.8376353917682,1.03444713472007,"27 juin 2023"
"P601 0001","Le ruisseau Noir Ã  Ladignac le Long","Onde OFB",2023-06-27,"1a","Ecoulement visible acceptable",45.582416294938,1.14272980702315,"27 juin 2023"
"L561 0002","Le GlÃ©vert Ã  Arnac-la-Poste","Onde OFB",2023-06-27,"1a","Ecoulement visible acceptable",46.2779597338882,1.32899730293136,"27 juin 2023"
"F429 0006","Le Betz Ã  BAZOCHES SUR LE BETZ","Onde OFB",2023-06-27,"1a","Ecoulement visible acceptable",48.1423917340517,2.96119882558731,"27 juin 2023"
"F3420001","La Tremagne Ã  Chamoy","Onde OFB",2023-06-27,"1a","Ecoulement visible acceptable",48.1192027297572,3.96918150060349,"27 juin 2023"
"F3440002","Le ru de Bernon Ã  Chessy les PrÃ©s","Onde OFB",2023-06-27,"1a","Ecoulement visible acceptable",48.0267198860964,3.91194120297198,"27 juin 2023"
"F3440004","Le Boutois Ã  Montfey","Onde OFB",2023-06-27,"1a","Ecoulement visible acceptable",48.0524654468986,3.87038801758505,"27 juin 2023"
"F1410001","Le Puits Ã  Dampierre","Onde OFB",2023-06-27,"1a","Ecoulement visible acceptable",48.5523221247058,4.36659854538874,"27 juin 2023"
"F1450001","l'Herbissonne Ã  Herbisse","Onde OFB",2023-06-27,"1a","Ecoulement visible acceptable",48.6160532480434,4.10896920427005,"27 juin 2023"
"F1430001","L'Huitrelle Ã  Trouans","Onde OFB",2023-06-27,"1a","Ecoulement visible acceptable",48.6298960736169,4.23722794159103,"27 juin 2023"
"O3100001","Ruisseau de Combe PremiÃ¨re","Onde OFB",2023-06-27,"1a","Ecoulement visible acceptable",44.4059667154479,3.57808662759962,"27 juin 2023"
"O7145221","Le Coulagnet au droit du rond point de Bouldoire","Onde OFB",2023-06-27,"1a","Ecoulement visible acceptable",44.5468475466187,3.32578129061384,"27 juin 2023"
"O7540001","Las Chantagues Ã  Grandvals","Onde OFB",2023-06-27,"1a","Ecoulement visible acceptable",44.7393055280564,3.03746347854159,"27 juin 2023"
"O7001511","Le Lot au Pont du Lot","Onde OFB",2023-06-27,"1a","Ecoulement visible acceptable",44.4906219645332,3.75401590957174,"27 juin 2023"
"K2134011","La Clamouse au pont de Boissanfeuille","Onde OFB",2023-06-27,"1a","Ecoulement visible acceptable",44.6477652182916,3.73375191321645,"27 juin 2023"
"O3026211","Le ruisseau de Fond Bernard Ã  l'aval de la source captÃ©e","Onde OFB",2023-06-27,"1a","Ecoulement visible acceptable",44.4212033301426,3.67953307731715,"27 juin 2023"
"K2000001","L'Allier Ã  l'amont du pont de Chabaleyret","Onde OFB",2023-06-27,"1a","Ecoulement visible acceptable",44.5635139829933,3.84986335028426,"27 juin 2023"
"K2110001","La Boutaresse au pont d'Aribal","Onde OFB",2023-06-27,"1a","Ecoulement visible acceptable",44.6077066466156,3.67478339876067,"27 juin 2023"
"K2150001","Le Grandrieu au pont de l'aldeyrÃ¨s","Onde OFB",2023-06-27,"1a","Ecoulement visible acceptable",44.7594460940965,3.63429083304009,"27 juin 2023"
"O7360001","Valat des Merles Ã  l'amont de Sainte Eulalie","Onde OFB",2023-06-27,"1a","Ecoulement visible acceptable",44.7896380695253,3.47769076677937,"27 juin 2023"
"O7370001","Ruisseau de la Gardelle avant sa confluence avec la TruyÃ¨re","Onde OFB",2023-06-27,"1a","Ecoulement visible acceptable",44.8268382593451,3.36091646577042,"27 juin 2023"
"O7330001","Ruisseau des RiviÃ¨res Ã  l'amont du pont ancienne N9, D809","Onde OFB",2023-06-27,"1a","Ecoulement visible acceptable",44.7491521118462,3.27902957644843,"27 juin 2023"
"O7330002","Le Riou Frech Ã  l'aval de la retenue d'Aumont","Onde OFB",2023-06-27,"1a","Ecoulement visible acceptable",44.7089363592257,3.20525862873608,"27 juin 2023"
"O7120001","La Crueize Ã  l'aval du lac du Moulinet","Onde OFB",2023-06-27,"1a","Ecoulement visible acceptable",44.6400410966393,3.24055983220429,"27 juin 2023"
"F4560422","La Juine Ã  Autruy-sur-Juine","Onde OFB",2023-06-27,"1a","Ecoulement visible acceptable",48.2919282676148,2.0975460735904,"27 juin 2023"
"P3180001","Le Brezou Ã  Saint-ClÃ©ment","Onde OFB",2023-06-27,"1a","Ecoulement visible acceptable",45.3627009962352,1.68597588762844,"27 juin 2023"
"W1410011","Le Versoud au Versoud (Pont RD523)","Onde OFB",2023-06-27,"1a","Ecoulement visible acceptable",45.2156505474909,5.86221004866187,"27 juin 2023"
"W1310012","La Coche Ã  Theys","Onde OFB",2023-06-27,"1a","Ecoulement visible acceptable",45.3206557334272,6.01764336089079,"27 juin 2023"
"W3020002","La Voroize Ã  Veurey-Voroize (Pont D3)","Onde OFB",2023-06-27,"1a","Ecoulement visible acceptable",45.2699215033063,5.61825964297192,"27 juin 2023"
"W2767212","Le BÃ¢ton Ã  Livet-Gavet (Pont route de la chapelle)","Onde OFB",2023-06-27,"1a","Ecoulement visible acceptable",45.1208827183088,5.97757292612794,"27 juin 2023"
"W2335211","La Roizonne Ã  Lavaldens (Pont des Fraux)","Onde OFB",2023-06-27,"1a","Ecoulement visible acceptable",44.97651566446,5.88263642392825,"27 juin 2023"
"O4950001","Le Tescou Ã  Salvagnac","Onde OFB",2023-06-27,"1a","Ecoulement visible acceptable",43.9133904027519,1.70925608841572,"27 juin 2023"
"O4780001","L'Agros Ã  Lasgraisses","Onde OFB",2023-06-27,"1a","Ecoulement visible acceptable",43.8106098568999,2.06841351125317,"27 juin 2023"
"O4640001","L'Ardialle Ã  Saint-Paul-Cap-de-Joux","Onde OFB",2023-06-27,"1a","Ecoulement visible acceptable",43.6286393953802,2.01262118156547,"27 juin 2023"
"O4760001","L'Assou Ã  Lombers","Onde OFB",2023-06-27,"1a","Ecoulement visible acceptable",43.8274168623581,2.18370863857346,"27 juin 2023"
"O3840001","L'Aygou Ã  Saint-Cirgue","Onde OFB",2023-06-27,"1a","Ecoulement visible acceptable",43.9355602364998,2.33214791680492,"27 juin 2023"
"O4745611","Le Castelfranc Ã  Montredon-LabessonniÃ©","Onde OFB",2023-06-27,"1a","Ecoulement visible acceptable",43.7516630654634,2.2305755418019,"27 juin 2023"
"O5640001","Le CÃ©ret Ã  Pampelonne","Onde OFB",2023-06-27,"1a","Ecoulement visible acceptable",44.0888091416265,2.22785543104342,"27 juin 2023"
"O4316911","Le ruisseau des Esclayracs Ã  Saint-Amans-de-Soult","Onde OFB",2023-06-27,"1a","Ecoulement visible acceptable",43.4807978572122,2.48626700924844,"27 juin 2023"
"O2304022","Le Girou Ã  Cuq-Toulza","Onde OFB",2023-06-27,"1a","Ecoulement visible acceptable",43.5674188480276,1.87734204664709,"27 juin 2023"
"U1060001","Ruisseau la Tounolle Ã  Boult","Onde OFB",2023-06-27,"1a","Ecoulement visible acceptable",47.3821927920101,5.99963728972549,"27 juin 2023"
"U1060002","Ruisseau de Poussot Ã  Gezier-et-Fontenelay","Onde OFB",2023-06-27,"1a","Ecoulement visible acceptable",47.3600181920182,5.87239257935698,"27 juin 2023"
"U0480001","Ruisseau la Scyotte Ã  Bougnon","Onde OFB",2023-06-27,"1a","Ecoulement visible acceptable",47.7064746546923,6.11499947522568,"27 juin 2023"
"V1714011","La Bourbre Ã  Saint-Jean-de-Soudain","Onde OFB",2023-06-27,"1a","Ecoulement visible acceptable",45.564667197603,5.42722713592091,"27 juin 2023"
"X0426222","Le Riou Versant Ã  Jausiers","Onde OFB",2023-06-27,"1a","Ecoulement visible acceptable",44.4118679922166,6.73167153582087,"27 juin 2023"
"K1273111","Ruisseau de la GagÃ¨re Ã  Chissey-En-Morvan","Onde OFB",2023-06-27,"1a","Ecoulement visible acceptable",47.0989702815499,4.23026394573593,"27 juin 2023"
"K1294511","Ruisseau des Vernottes Ã  La Grande-Verriere","Onde OFB",2023-06-27,"1a","Ecoulement visible acceptable",46.983063576699,4.13515484335922,"27 juin 2023"
"X1510001","La Laye Ã  Forcalquier","Onde OFB",2023-06-27,"1a","Ecoulement visible acceptable",43.9572221486861,5.73934961290639,"27 juin 2023"
"K1230001","RiviÃ¨re la Miette Ã  Saisy","Onde OFB",2023-06-27,"1a","Ecoulement visible acceptable",46.9697605325288,4.53058754309629,"27 juin 2023"
"U3004012","Ruisseau de Corcelles Ã  Dracy-Les-Couches","Onde OFB",2023-06-27,"1a","Ecoulement visible acceptable",46.8876479085681,4.57279399586687,"27 juin 2023"
"U3004011","Ruisseau de la Creuse Ã  Couches","Onde OFB",2023-06-27,"1a","Ecoulement visible acceptable",46.875675617746,4.5592224743528,"27 juin 2023"
"W3235011","La Cumane Ã  Varacieux (confluence Guette)","Onde OFB",2023-06-27,"1a","Ecoulement visible acceptable",45.2010357244875,5.35380077356186,"27 juin 2023"
"W3125211","Le Courbon Ã  Paladru (amont lac)","Onde OFB",2023-06-27,"1a","Ecoulement visible acceptable",45.4800009048067,5.56742219378666,"27 juin 2023"
"W3315011","La MartiniÃ¨re Ã  Villard-de-Lans","Onde OFB",2023-06-27,"1a","Ecoulement visible acceptable",45.0877641655652,5.52173850732978,"27 juin 2023"
"K1130001","RiviÃ¨re l'Arconce Ã  le Rousset","Onde OFB",2023-06-27,"1a","Ecoulement visible acceptable",46.5773398555445,4.43825470507644,"27 juin 2023"
"K4720001","Le Bourillon Ã  Vienne-en-val","Onde OFB",2023-06-27,"1a","Ecoulement visible acceptable",47.753751375875,2.13553321033434,"27 juin 2023"
"X0434011","Le Bachelard Ã  Barcelonnette","Onde OFB",2023-06-27,"1a","Ecoulement visible acceptable",44.3774950037033,6.62515226081616,"27 juin 2023"
"K4740001","La Canne Ã  MÃ©nestreau-en-Villette","Onde OFB",2023-06-27,"1a","Ecoulement visible acceptable",47.6769011407976,2.03694698268908,"27 juin 2023"
"W321 0001","L'Ivery Ã  Serre Nerpol","Onde OFB",2023-06-27,"1a","Ecoulement visible acceptable",45.2467728893869,5.38312214236154,"27 juin 2023"
"X3420002","L'EncrÃªme Ã  CÃ©reste","Onde OFB",2023-06-27,"1a","Ecoulement visible acceptable",43.8591672929956,5.59488679669407,"27 juin 2023"
"X1500002","Le Largue Ã  Dauphin","Onde OFB",2023-06-27,"1a","Ecoulement visible acceptable",43.8935517319363,5.77372036797275,"27 juin 2023"
"X0434012","Le Bachelard Ã  Bayasse","Onde OFB",2023-06-27,"1a","Ecoulement visible acceptable",44.2958242211445,6.74697508815702,"27 juin 2023"
"X1500001","Le Largue Ã  Aubenas","Onde OFB",2023-06-27,"1a","Ecoulement visible acceptable",43.9360750970919,5.69061371496699,"27 juin 2023"
"W322 0001","Le Neyron Ã  IZERON","Onde OFB",2023-06-27,"1a","Ecoulement visible acceptable",45.1430679986073,5.37093379104083,"27 juin 2023"
"V175 5012","Le Catelan Ã  St-Marcel-Bel-Accueil","Onde OFB",2023-06-27,"1a","Ecoulement visible acceptable",45.6313263094505,5.23836642380244,"27 juin 2023"
"V175 5011","La Petite Vaudaine Ã  Livet-et-Gavet","Onde OFB",2023-06-27,"1a","Ecoulement visible acceptable",45.1143750259875,5.95485315049711,"27 juin 2023"
"H5069011","Saffimbec Ã  Pavilly","Onde OFB",2023-06-27,"1a","Ecoulement visible acceptable",49.5822950489564,0.93608291196828,"27 juin 2023"
"U4625011","L'Alix Ã  Charnay","Onde OFB",2023-06-27,"1a","Ecoulement visible acceptable",45.8897279148435,4.64444860772286,"27 juin 2023"
"F4290003","Le ruisseau de Sainte-Rose Ã  Pers-en-GÃ¢tinais","Onde OFB",2023-06-27,"1a","Ecoulement visible acceptable",48.1207971647879,2.91234036466116,"27 juin 2023"
"F4220003","Le Solin Ã  Le Moulinet-sur-Solin","Onde OFB",2023-06-27,"1a","Ecoulement visible acceptable",47.8359678785067,2.62168780387574,"27 juin 2023"
"K4130002","l'Avenelle Ã  Beaulieu-sur-Loire","Onde OFB",2023-06-27,"1a","Ecoulement visible acceptable",47.5077440747211,2.7899382221285,"27 juin 2023"
"K4170003","l'AubruyÃ¨re Ã  Ouzouer-sur-TrÃ©zÃ©e","Onde OFB",2023-06-27,"1a","Ecoulement visible acceptable",47.6652832379717,2.83722946688115,"27 juin 2023"
"K4140001","la Cheuille Ã  Faverelles","Onde OFB",2023-06-27,"1a","Ecoulement visible acceptable",47.5761512029056,2.93457363384191,"27 juin 2023"
"J9202511","Le Pont-Serin","Onde OFB",2023-06-27,"1a","Ecoulement visible acceptable",47.4287389801757,-1.81460516782499,"27 juin 2023"
"M8503012","Canal de la Fleur","Onde OFB",2023-06-27,"1a","Ecoulement visible acceptable",47.4741504789872,-2.03124839614018,"27 juin 2023"
"K4430002","Le Petit Ardoux Ã  Dry","Onde OFB",2023-06-27,"1a","Ecoulement visible acceptable",47.7856203202936,1.74060508715039,"27 juin 2023"
"M8150001","Le Redour","Onde OFB",2023-06-27,"1a","Ecoulement visible acceptable",47.045376518622,-1.59447664457881,"27 juin 2023"
"N0113031","Le Falleron","Onde OFB",2023-06-27,"1a","Ecoulement visible acceptable",46.9888595039342,-1.80969293054287,"27 juin 2023"
"N0010001","Le Haute-Perche","Onde OFB",2023-06-27,"1a","Ecoulement visible acceptable",47.1272422950443,-1.95254631014027,"27 juin 2023"
"N0000001","Le Boivre","Onde OFB",2023-06-27,"1a","Ecoulement visible acceptable",47.2084330479495,-2.01972732296427,"27 juin 2023"
"V3744012","L' OrmÃ¨ze Ã  Colombier-le-Jeune","Onde OFB",2023-06-27,"1a","Ecoulement visible acceptable",45.0146842777054,4.72489481503293,"27 juin 2023"
"V3700001","Le Doux Ã  Labatie-d'Andaure","Onde OFB",2023-06-27,"1a","Ecoulement visible acceptable",45.0430687376761,4.50213742252973,"27 juin 2023"
"V3530002","L' Ay Ã  St-Romain-d'Ay","Onde OFB",2023-06-27,"1a","Ecoulement visible acceptable",45.156215665845,4.68775365768572,"27 juin 2023"
"V4145212","L'Orsanne Ã  Saint-Etienne-de-Serre","Onde OFB",2023-06-27,"1a","Ecoulement visible acceptable",44.8099659416056,4.54834061915279,"27 juin 2023"
"V4160001","La DuniÃ¨re Ã  Silhac","Onde OFB",2023-06-27,"1a","Ecoulement visible acceptable",44.8940263492415,4.62042918331613,"27 juin 2023"
"V4160002","Le SÃ©rouant Ã  Vernoux-en-Vivarais","Onde OFB",2023-06-27,"1a","Ecoulement visible acceptable",44.9142556112513,4.60624027077568,"27 juin 2023"
"V4300002","Le MÃ©zaillon Ã  Veyras","Onde OFB",2023-06-27,"1a","Ecoulement visible acceptable",44.7436778494569,4.54761707688666,"27 juin 2023"
"V5015211","L'Oize Ã  Saint-Julien-du-Serres","Onde OFB",2023-06-27,"1a","Ecoulement visible acceptable",44.6646476204196,4.41383053885076,"27 juin 2023"
"V5026413","La CladuÃ¨gne Ã  Saint-Jean-le-Centenier","Onde OFB",2023-06-27,"1a","Ecoulement visible acceptable",44.6141789684307,4.53721577648888,"27 juin 2023"
"V5035021","La Baume Ã  RosiÃ¨res","Onde OFB",2023-06-27,"1a","Ecoulement visible acceptable",44.4700658125696,4.26877393700177,"27 juin 2023"
"V5026412","La Ligne Ã  MontrÃ©al","Onde OFB",2023-06-27,"1a","Ecoulement visible acceptable",44.4999901695553,4.31959987764688,"27 juin 2023"
"V5006211","Le Lignon Ã  Jaujac","Onde OFB",2023-06-27,"1a","Ecoulement visible acceptable",44.6301423435426,4.24027993885391,"27 juin 2023"
"V5006212","L'ArdÃ¨che Ã  Mayres","Onde OFB",2023-06-27,"1a","Ecoulement visible acceptable",44.6658103208009,4.11225844175651,"27 juin 2023"
"V5006213","Le Pourseille Ã  Montpezat-sous-Bauzon","Onde OFB",2023-06-27,"1a","Ecoulement visible acceptable",44.7079197571298,4.21534318903597,"27 juin 2023"
"V4025011","Le Turzon Ã  Gilhac","Onde OFB",2023-06-27,"1a","Ecoulement visible acceptable",44.8605981539107,4.7834706895246,"27 juin 2023"
"V5048811","Le Chassezac Ã  Chandolas","Onde OFB",2023-06-27,"1a","Ecoulement visible acceptable",44.3918233553309,4.23427692632446,"27 juin 2023"
"V4510001","La NÃ¨gue Ã  Saint-ThomÃ©","Onde OFB",2023-06-27,"1a","Ecoulement visible acceptable",44.4976926447954,4.62762494603832,"27 juin 2023"
"V5054011","L'Ibie Ã  Lagorce","Onde OFB",2023-06-27,"1a","Ecoulement visible acceptable",44.4592404723284,4.44632053524041,"27 juin 2023"
"V5026411","L'Auzon Ã  Lavilledieu","Onde OFB",2023-06-27,"1a","Ecoulement visible acceptable",44.5813364658319,4.46505583930713,"27 juin 2023"
"K0018722","La Loire Ã  Cros-de-GÃ©oran","Onde OFB",2023-06-27,"1a","Ecoulement visible acceptable",44.7802214873734,4.12635184176825,"27 juin 2023"
"K0018721","La Vernason Ã  Saint-Cirgues-en-Montagne","Onde OFB",2023-06-27,"1a","Ecoulement visible acceptable",44.7558341211706,4.09453766572575,"27 juin 2023"
"K0030021","La Langougnole Ã  Coucouron","Onde OFB",2023-06-27,"1a","Ecoulement visible acceptable",44.7906917969726,4.00120786731391,"27 juin 2023"
"U2102021","Le Cornabey Ã  Montlebon","Onde OFB",2023-06-27,"1a","Ecoulement visible acceptable",47.0182145125585,6.59435273977395,"27 juin 2023"
"U2419114","La Baume Ã  Sancey-Le-Long","Onde OFB",2023-06-27,"1a","Ecoulement visible acceptable",47.295101547003,6.61509240147838,"27 juin 2023"
"U2426011","L'Audeux Ã  Orsans","Onde OFB",2023-06-27,"1a","Ecoulement visible acceptable",47.2516502762627,6.36849788653336,"27 juin 2023"
"U2405211","Le Bief Ã  Saint-Maurice-Colombier","Onde OFB",2023-06-27,"1a","Ecoulement visible acceptable",47.4275830502783,6.66700058690201,"27 juin 2023"
"U2425070","Le Cesseran Ã  Pont-Les-Moulins","Onde OFB",2023-06-27,"1a","Ecoulement visible acceptable",47.329058286399,6.36494023202345,"27 juin 2023"
"U2002011","Cebriot Ã  Mouthe","Onde OFB",2023-06-27,"1a","Ecoulement visible acceptable",46.7033769451036,6.19110499249713,"27 juin 2023"
"J5432111","ruisseau du guernic","Onde OFB",2023-06-27,"1a","Ecoulement visible acceptable",48.1178259670132,-3.01406191524446,"27 juin 2023"
"J5620001","ruisseau de kervihan","Onde OFB",2023-06-27,"1a","Ecoulement visible acceptable",47.8603314700324,-2.98154994359716,"27 juin 2023"
"J5412121","ruisseau de corboulo","Onde OFB",2023-06-27,"1a","Ecoulement visible acceptable",48.1714337259977,-3.01452784450182,"27 juin 2023"
"F6380002","Ourcq Ã  Lizy-sur-Ourcq","Onde OFB",2023-06-27,"1a","Ecoulement visible acceptable",49.0245609281847,3.02758103042112,"27 juin 2023"
"F6410002","Avernes Ã  Forfry","Onde OFB",2023-06-27,"1a","Ecoulement visible acceptable",49.0581878267853,2.84654089011692,"27 juin 2023"
"J5524011","ruisseau de lann er gal","Onde OFB",2023-06-27,"1a","Ecoulement visible acceptable",48.0544685129407,-3.14227719719901,"27 juin 2023"
"Q7420001","Le Saleys Ã  Salies-de-BÃ©arn","Onde OFB",2023-06-27,"1a","Ecoulement visible acceptable",43.4721986476215,-0.92530611764502,"27 juin 2023"
"Q8110001","La Joyeuse Ã  Amendeuix-Oneix","Onde OFB",2023-06-27,"1a","Ecoulement visible acceptable",43.331941113784,-1.03529783766051,"27 juin 2023"
"Q8130001","La Bidouze Ã  Bergouey-Viellenave","Onde OFB",2023-06-27,"1a","Ecoulement visible acceptable",43.4155867482851,-1.06087985063747,"27 juin 2023"
"Q7150001","Le Lausset Ã  Araux","Onde OFB",2023-06-27,"1a","Ecoulement visible acceptable",43.3530718613227,-0.809144105258305,"27 juin 2023"
"Q7350001","Le Saison Ã  Osserain-Rivareyte","Onde OFB",2023-06-27,"1a","Ecoulement visible acceptable",43.3811066388565,-0.949368891518998,"27 juin 2023"
"Y4425012","Le Fauge Ã  l'aval du parc de St-Pons","Onde OFB",2023-06-27,"1a","Ecoulement visible acceptable",43.2919977511936,5.64316723158778,"27 juin 2023"
"I0320001","PrÃ© d'Auge","Onde OFB",2023-06-27,"1a","Ecoulement visible acceptable",49.1748446879491,0.169738325112457,"27 juin 2023"
"Y4415622","La VÃ¨de Ã  Auriol","Onde OFB",2023-06-27,"1a","Ecoulement visible acceptable",43.3592787276889,5.6610197661837,"27 juin 2023"
"Y4002011","L'Arc Ã  Trets","Onde OFB",2023-06-27,"1a","Ecoulement visible acceptable",43.4762452540193,5.69890142808086,"27 juin 2023"
"F1170001","La Bresse Ã  Bar-sur-Aube","Onde OFB",2023-06-27,"1a","Ecoulement visible acceptable",48.2348405763976,4.71731075229981,"27 juin 2023"
"F1190001","Le Landion Ã  Spoy","Onde OFB",2023-06-27,"1a","Ecoulement visible acceptable",48.2279819812939,4.62371743245323,"27 juin 2023"
"I1410001","Grandouet","Onde OFB",2023-06-27,"1a","Ecoulement visible acceptable",49.1558151625134,0.0703259635131777,"27 juin 2023"
"Y4200004","La Touloubre en amont de la STEP de Venelles - Les Logissons","Onde OFB",2023-06-27,"1a","Ecoulement visible acceptable",43.5844080345833,5.47405691030527,"27 juin 2023"
"O4021011","Le Greissentous Ã  Murat-sur-VÃ¨bre","Onde OFB",2023-06-27,"1a","Ecoulement visible acceptable",43.687759152056,2.85357443528999,"27 juin 2023"
"O4394031","Le Montimont Ã  LabruguiÃ¨re","Onde OFB",2023-06-27,"1a","Ecoulement visible acceptable",43.5201986592048,2.26181007110154,"27 juin 2023"
"O4210001","Le Lignon Ã  Lacrouzette","Onde OFB",2023-06-27,"1a","Ecoulement visible acceptable",43.6516267049668,2.37674561342599,"27 juin 2023"
"O5552911","Le Lizert Ã  Saint-Christophe","Onde OFB",2023-06-27,"1a","Ecoulement visible acceptable",44.1701664982451,2.05920178099754,"27 juin 2023"
"W2314011","La Bonne Ã  Valjouffrey","Onde OFB",2023-06-27,"1a","Ecoulement visible acceptable",44.8805089048694,6.0010408863437,"27 juin 2023"
"U0815012","Ruisseau de Buland Ã  Citey","Onde OFB",2023-06-27,"1a","Ecoulement visible acceptable",47.4359302400428,5.80501831876754,"27 juin 2023"
"U0830001","RiviÃ¨re la Tenise Ã  Onay","Onde OFB",2023-06-27,"1a","Ecoulement visible acceptable",47.3802282148558,5.68672874923425,"27 juin 2023"
"U0620531","Ruisseau de la Fontaine des Duits Ã  Fretigney-et-Velloreille","Onde OFB",2023-06-27,"1a","Ecoulement visible acceptable",47.4982974821969,5.94655566753994,"27 juin 2023"
"I4200002","Blandouit","Onde OFB",2023-06-27,"1a","Ecoulement visible acceptable",48.9524696306711,-0.789570303734789,"27 juin 2023"
"I4140001","Ru de Pouraison","Onde OFB",2023-06-27,"1a","Ecoulement visible acceptable",48.845119454047,-0.798473184092047,"27 juin 2023"
"F0800001","La Barse Ã  Vendeuvre","Onde OFB",2023-06-27,"1a","Ecoulement visible acceptable",48.2344848245741,4.47980278470816,"27 juin 2023"
"F0800002","Le ru de Beurey Ã  Vendeuvre sur Barse","Onde OFB",2023-06-27,"1a","Ecoulement visible acceptable",48.2335305773112,4.46632870619019,"27 juin 2023"
"F0740001","L'Ousse Ã  Villemereuil","Onde OFB",2023-06-27,"1a","Ecoulement visible acceptable",48.2024267346443,4.07802425454102,"27 juin 2023"
"L0800001","La Glane Ã  Saint-Jouvent","Onde OFB",2023-06-27,"1a","Ecoulement visible acceptable",45.9717097788656,1.21364492146863,"27 juin 2023"
"L0930004","La Graine Ã  St Auvent","Onde OFB",2023-06-27,"1a","Ecoulement visible acceptable",45.7927514173085,0.884326474357654,"27 juin 2023"
"P1730001","La Jordanne Ã  Mandailles","Onde OFB",2023-06-27,"1a","Ecoulement visible acceptable",45.0697158077603,2.65711018661985,"27 juin 2023"
"P1720001","Le Mamou Ã  Giou de Mamou","Onde OFB",2023-06-27,"1a","Ecoulement visible acceptable",44.9381550558458,2.50201075879009,"27 juin 2023"
"P1510001","L'INCON Ã  Pleaux","Onde OFB",2023-06-27,"1a","Ecoulement visible acceptable",45.0841201562456,2.17608486820922,"27 juin 2023"
"P1000001","Le Monzola Ã  Anglards-de-Salers","Onde OFB",2023-06-27,"1a","Ecoulement visible acceptable",45.177329530084,2.45841939265227,"27 juin 2023"
"P1400001","L'Aspre Ã  Fontanges","Onde OFB",2023-06-27,"1a","Ecoulement visible acceptable",45.1030588184223,2.52693665532307,"27 juin 2023"
"K2534011","L' Arcueil Ã  Massiac","Onde OFB",2023-06-27,"1a","Ecoulement visible acceptable",45.2352173511228,3.17592143349854,"27 juin 2023"
"P0830001","ruisseau de la Mine Ã  Ydes","Onde OFB",2023-06-27,"1a","Ecoulement visible acceptable",45.3533770609058,2.43831226810464,"27 juin 2023"
"P0850001","Le Mardaret Ã  Trizac","Onde OFB",2023-06-27,"1a","Ecoulement visible acceptable",45.2640411399814,2.54172614304438,"27 juin 2023"
"K2544011","L' Alagnonnette Ã  Massiac","Onde OFB",2023-06-27,"1a","Ecoulement visible acceptable",45.2319426496825,3.20847920687899,"27 juin 2023"
"O7434011","Ruisseau de Vedernat Ã  VÃ©dernat","Onde OFB",2023-06-27,"1a","Ecoulement visible acceptable",45.0361736558428,3.02609451508423,"27 juin 2023"
"O7450002","Ruisseau de Vabres Ã  Vabres","Onde OFB",2023-06-27,"1a","Ecoulement visible acceptable",45.0293629342778,3.20838522486987,"27 juin 2023"
"P1000002","L'Auze de Mauriac Ã  Salins","Onde OFB",2023-06-27,"1a","Ecoulement visible acceptable",45.1886369426324,2.40372579828266,"27 juin 2023"
"O7600001","Ruisseau de Cordesse Ã  Neuveglise","Onde OFB",2023-06-27,"1a","Ecoulement visible acceptable",44.9181117594711,3.00768299322178,"27 juin 2023"
"O7450001","Ruisseau de ValiÃ¨rgues Ã  MentiÃ¨res","Onde OFB",2023-06-27,"1a","Ecoulement visible acceptable",45.0624046732868,3.13516565776693,"27 juin 2023"
"O8270001","Ruisseau d'Aujou Ã  Saint-Constant","Onde OFB",2023-06-27,"1a","Ecoulement visible acceptable",44.6689162569707,2.21398492698744,"27 juin 2023"
"P0840001","Ruisseau de Moussages Ã  Moussages","Onde OFB",2023-06-27,"1a","Ecoulement visible acceptable",45.2362427160442,2.47409921901052,"27 juin 2023"
"P0790001","Ruisseau de Champagnac Ã  Champagnac","Onde OFB",2023-06-27,"1a","Ecoulement visible acceptable",45.3550839779653,2.39144184692406,"27 juin 2023"
"P0304011","L'Impradine Ã  Lavigerie","Onde OFB",2023-06-27,"1a","Ecoulement visible acceptable",45.1343630099953,2.74524339436269,"27 juin 2023"
"L0520001","le ruisseau Noir Ã  ChateauChervix","Onde OFB",2023-06-27,"1a","Ecoulement visible acceptable",45.5822487824882,1.37222961213594,"27 juin 2023"
"L0420001","La Valoine Ã  Aureil","Onde OFB",2023-06-27,"1a","Ecoulement visible acceptable",45.808989439752,1.39487962280848,"27 juin 2023"
"L5640001","l'Asse Ã  Lssac les Eglises","Onde OFB",2023-06-27,"1a","Ecoulement visible acceptable",46.3355730651058,1.1848053426951,"27 juin 2023"
"L5600001","La Benaize Ã  Mailhac sur Benaize","Onde OFB",2023-06-27,"1a","Ecoulement visible acceptable",46.3212418439566,1.32900368155956,"27 juin 2023"
"L5600002","La Chaume Ã  St Sulpice les Feuilles","Onde OFB",2023-06-27,"1a","Ecoulement visible acceptable",46.3311275509443,1.37389312870378,"27 juin 2023"
"L5034012","L'Ardour Ã  Bersac sur Rivalier","Onde OFB",2023-06-27,"1a","Ecoulement visible acceptable",46.1050414198438,1.45419400261515,"27 juin 2023"
"L1300003","L'Isop Ã  St Barbant","Onde OFB",2023-06-27,"1a","Ecoulement visible acceptable",46.1746946676213,0.853242027356481,"27 juin 2023"
"L1100001","L'Issoire","Onde OFB",2023-06-27,"1a","Ecoulement visible acceptable",46.0951237909027,0.958098924040616,"27 juin 2023"
"L1100002","ruisseau de la Garenne Ã  MÃ©ziÃ¨res sur Issoire","Onde OFB",2023-06-27,"1a","Ecoulement visible acceptable",46.0808428012146,0.874537781953771,"27 juin 2023"
"L510 1811","Le Ballacou Ã  Chateauponsac","Onde OFB",2023-06-27,"1a","Ecoulement visible acceptable",46.1120588521437,1.2329932356419,"27 juin 2023"
"L511 4012","La Couze Ã  St LÃ©ger la Montagne","Onde OFB",2023-06-27,"1a","Ecoulement visible acceptable",46.0343383510879,1.40183608153729,"27 juin 2023"
"L062 4012","L'Arthonnet Ã  Flavignac","Onde OFB",2023-06-27,"1a","Ecoulement visible acceptable",45.7123561774393,1.06356074044467,"27 juin 2023"
"F3440001","Le ru de Sivrey Ã  Sivrey","Onde OFB",2023-06-27,"1a","Ecoulement visible acceptable",48.0882229590353,3.90663878902736,"27 juin 2023"
"F1310001","Le Ravet Ã  Aulnay","Onde OFB",2023-06-27,"1a","Ecoulement visible acceptable",48.4712059877376,4.40683123248337,"27 juin 2023"
"F1370001","Le MeldanÃ§on Ã  Jasseines","Onde OFB",2023-06-27,"1a","Ecoulement visible acceptable",48.504436575448,4.38643817857561,"27 juin 2023"
"F1340001","Le Longsols Ã  Longsols","Onde OFB",2023-06-27,"1a","Ecoulement visible acceptable",48.4311594426668,4.29156251115331,"27 juin 2023"
"F1510001","La Barbuise Ã  St Remy-sous-Barbuise","Onde OFB",2023-06-27,"1a","Ecoulement visible acceptable",48.4828044968206,4.11700622175317,"27 juin 2023"
"F2040001","L' Ardusson Ã  Saint Martin de Bossenay","Onde OFB",2023-06-27,"1a","Ecoulement visible acceptable",48.4324524840245,3.70797845325565,"27 juin 2023"
"F2120001","L'Orvin Ã  Marcilly le Hayer","Onde OFB",2023-06-27,"1a","Ecoulement visible acceptable",48.3478158344075,3.6267981147572,"27 juin 2023"
"O7202511","L'Urugne au Golf du Sabot","Onde OFB",2023-06-27,"1a","Ecoulement visible acceptable",44.4138104208406,3.23352526407797,"27 juin 2023"
"O7340001","Ruisseau de Malagazagne au pont d'aubuges ","Onde OFB",2023-06-27,"1a","Ecoulement visible acceptable",44.8003594152379,3.24427742324489,"27 juin 2023"
"O7520001","La Cabre Ã  l'amont de la cascade de BouchabÃ¨s","Onde OFB",2023-06-27,"1a","Ecoulement visible acceptable",44.6643751192778,2.99789661882983,"27 juin 2023"
"O7502521","Ruisseau des Salles Basses au droit du lac de Born","Onde OFB",2023-06-27,"1a","Ecoulement visible acceptable",44.6031789377606,3.09007704600634,"27 juin 2023"
"O7175011","La BiouriÃ¨re au pont des ValmaniÃ¨res","Onde OFB",2023-06-27,"1a","Ecoulement visible acceptable",44.5623366230963,3.22839053184021,"27 juin 2023"
"O7300001","Ruisseau le Rieutortet Ã  l'hermet","Onde OFB",2023-06-27,"1a","Ecoulement visible acceptable",44.698711692721,3.42279956134634,"27 juin 2023"
"O3940001","La Saudronne Ã  Lagrave","Onde OFB",2023-06-27,"1a","Ecoulement visible acceptable",43.9037986960519,1.99845172628654,"27 juin 2023"
"O4544021","Le Taurou Ã  Lescout","Onde OFB",2023-06-27,"1a","Ecoulement visible acceptable",43.5332183635429,2.10899643471651,"27 juin 2023"
"O4970001","Le Tescounet Ã  la SauziÃ¨re-Saint-Jean","Onde OFB",2023-06-27,"1a","Ecoulement visible acceptable",43.9631292779233,1.64526115082614,"27 juin 2023"
"F4510001","La Petite Rimarde Ã  Chambon-la-ForÃªt","Onde OFB",2023-06-27,"1a","Ecoulement visible acceptable",48.0520704697016,2.30806890883392,"27 juin 2023"
"O4300001","Le ThorÃ© Ã  Labastide-Rouairoux","Onde OFB",2023-06-27,"1a","Ecoulement visible acceptable",43.4685326313006,2.64752657260573,"27 juin 2023"
"O423 0001","La Durenque Ã  CambounÃ¨s","Onde OFB",2023-06-27,"1a","Ecoulement visible acceptable",43.5862416371579,2.46156515441434,"27 juin 2023"
"F4300001","Le Fusain Ã  Barville-en-GÃ¢tinais","Onde OFB",2023-06-27,"1a","Ecoulement visible acceptable",48.1138439107771,2.41709608226124,"27 juin 2023"
"F4300002","Le Petit Fusain Ã  Gaubertin","Onde OFB",2023-06-27,"1a","Ecoulement visible acceptable",48.1215606152099,2.42695566779254,"27 juin 2023"
"F4320001","La Rolande Ã  Beaune-la-Rolande","Onde OFB",2023-06-27,"1a","Ecoulement visible acceptable",48.0641934290427,2.42239258920904,"27 juin 2023"
"F4310001","Le Maurepas Ã  Saint-loup-des-vignes","Onde OFB",2023-06-27,"1a","Ecoulement visible acceptable",48.030881309829,2.43471872704641,"27 juin 2023"
"F4500002","L'Oeuf Ã  Pithiviers-le-Vieil","Onde OFB",2023-06-27,"1a","Ecoulement visible acceptable",48.1516710552839,2.19986539313511,"27 juin 2023"
"F4560421","La Juine Ã  Autruy-sur-Juine","Onde OFB",2023-06-27,"1a","Ecoulement visible acceptable",48.280514236978,2.09443529859918,"27 juin 2023"
"P6222511","Le ruisseau les levades Ã  Arnac-Pompadour","Onde OFB",2023-06-27,"1a","Ecoulement visible acceptable",45.414989054595,1.35106795548129,"27 juin 2023"
"P3164011","le ruisseau de piquette Ã  Masseret","Onde OFB",2023-06-27,"1a","Ecoulement visible acceptable",45.5414038946748,1.54619958204003,"27 juin 2023"
"U4625012","Le Soanan Ã  Saint-VÃ©rand","Onde OFB",2023-06-27,"1a","Ecoulement visible acceptable",45.9027823451059,4.53212595995867,"27 juin 2023"
"W2746011","La Sarenne Ã  Bourg-d'Oisans ","Onde OFB",2023-06-27,"1a","Ecoulement visible acceptable",45.0643733295883,6.0391049927579,"27 juin 2023"
"Y4100001","La Cause Ã  l'amont de Vauvenargues","Onde OFB",2023-06-27,"1a","Ecoulement visible acceptable",43.5546803043197,5.61549723838389,"27 juin 2023"
"Y4022011","Le Bayon avant sa confluence avec le ruisseau de Roques-Hautes","Onde OFB",2023-06-27,"1a","Ecoulement visible acceptable",43.5205405474398,5.54640870668496,"27 juin 2023"
"W1310011","La Terrasse Ã  La Terrasse (Pont N90)","Onde OFB",2023-06-27,"1a","Ecoulement visible acceptable",45.3231519017151,5.93289888605379,"27 juin 2023"
"W1300011","Les Granges Ã  la BuissiÃ¨re (Pont N90)","Onde OFB",2023-06-27,"1a","Ecoulement visible acceptable",45.4034506478401,5.97982782174445,"27 juin 2023"
"W2832012","La Pissarde Ã  Claix (ZI des Beauches)","Onde OFB",2023-06-27,"1a","Ecoulement visible acceptable",45.1138581239564,5.67866854573884,"27 juin 2023"
"W2767213","Le Gavet Ã  Livet-Gavet (Piscine)","Onde OFB",2023-06-27,"1a","Ecoulement visible acceptable",45.0664463395982,5.87056264825619,"27 juin 2023"
"W2750001","Le Moulin Ã  Allemond (Pont D526)","Onde OFB",2023-06-27,"1a","Ecoulement visible acceptable",45.1297841910707,6.03906671699753,"27 juin 2023"
"W3100001","La Morge Ã  Saint-Aupre (La croix rouge)","Onde OFB",2023-06-27,"1a","Ecoulement visible acceptable",45.3972658191333,5.66427849749475,"27 juin 2023"
"W2500001","Le Sauvey Ã  Treminis (dit le Bourgeneuf)","Onde OFB",2023-06-27,"1a","Ecoulement visible acceptable",44.7402330222128,5.75783071390113,"27 juin 2023"
"O2304021","L'Algans Ã  Cuq-Toulza","Onde OFB",2023-06-27,"1a","Ecoulement visible acceptable",43.5752328289769,1.86179887213471,"27 juin 2023"
"O4704031","L'Ambiasselle Ã  Paulinet","Onde OFB",2023-06-27,"1a","Ecoulement visible acceptable",43.8226969931292,2.45032908829504,"27 juin 2023"
"O4610001","Le Bagas Ã  Lautrec","Onde OFB",2023-06-27,"1a","Ecoulement visible acceptable",43.6781969550737,2.14130957570134,"27 juin 2023"
"O4550001","Le Bernazobre aux Viviers-les-Montagnes","Onde OFB",2023-06-27,"1a","Ecoulement visible acceptable",43.5519920894723,2.19537253280824,"27 juin 2023"
"O4704032","Le Dadou Ã  Saint-Salvi-de-Carcaves","Onde OFB",2023-06-27,"1a","Ecoulement visible acceptable",43.804777657429,2.59471953615768,"27 juin 2023"
"U0320001","Ruisseau du Batiqueux Ã  Senoncourt","Onde OFB",2023-06-27,"1a","Ecoulement visible acceptable",47.8431675308285,6.07962856249146,"27 juin 2023"
"U0140001","Ru de Bazeuille Ã  Villars-le-Pautel","Onde OFB",2023-06-27,"1a","Ecoulement visible acceptable",47.8976030330156,5.92453051295997,"27 juin 2023"
"W2804021","La Gresse Ã  Gresse ","Onde OFB",2023-06-27,"1a","Ecoulement visible acceptable",44.8919420229889,5.54743237117833,"27 juin 2023"
"V1525411","L'Ainan Ã  Chirens (Pont de l'Arsenal)","Onde OFB",2023-06-27,"1a","Ecoulement visible acceptable",45.4304656721281,5.57114035023453,"27 juin 2023"
"V1610003","Le Bordel Ã  Morestel","Onde OFB",2023-06-27,"1a","Ecoulement visible acceptable",45.6835002082186,5.460692155124,"27 juin 2023"
"V3204011","La GÃ¨re Ã  Meyssies","Onde OFB",2023-06-27,"1a","Ecoulement visible acceptable",45.4709267000819,5.05807677059821,"27 juin 2023"
"X0426221","Le torrent d'AbriÃ¨s Ã  Jausiers","Onde OFB",2023-06-27,"1a","Ecoulement visible acceptable",44.4137958995241,6.74139233736082,"27 juin 2023"
"W320 0011 ","Le Rival Ã  Tullins","Onde OFB",2023-06-27,"1a","Ecoulement visible acceptable",45.2862139526518,5.50743651995386,"27 juin 2023"
"K4230001","La Sange Ã  Lion-en-Sullias","Onde OFB",2023-06-27,"1a","Ecoulement visible acceptable",47.7099176810281,2.43715996883063,"27 juin 2023"
"K4500001","Le Beuvron Ã  Cerdon","Onde OFB",2023-06-27,"1a","Ecoulement visible acceptable",47.6438551711236,2.40009721824203,"27 juin 2023"
"K4240001","Le Bec d'Able Ã  Viglain","Onde OFB",2023-06-27,"1a","Ecoulement visible acceptable",47.7055747798072,2.31423866961864,"27 juin 2023"
"J7910001","La Gravelle","Onde OFB",2023-06-27,"1a","Ecoulement visible acceptable",47.6644843263565,-1.18073423582706,"27 juin 2023"
"J7610001","La Brutz","Onde OFB",2023-06-27,"1a","Ecoulement visible acceptable",47.778148819161,-1.35231985781786,"27 juin 2023"
"J7953011","Le CÃ©trais","Onde OFB",2023-06-27,"1a","Ecoulement visible acceptable",47.5832650452963,-1.57912812766113,"27 juin 2023"
"U4525212","Le Nizerand Ã  Rivolet","Onde OFB",2023-06-27,"1a","Ecoulement visible acceptable",46.0054875258608,4.5986048493808,"27 juin 2023"
"Y6517012","Le Redebraus Ã  TouÃ«t-de-l'EscarÃ¨ne","Onde OFB",2023-06-27,"1a","Ecoulement visible acceptable",43.8485949101026,7.36718878517058,"27 juin 2023"
"Y6600001","La Levensa Ã  la Brigue","Onde OFB",2023-06-27,"1a","Ecoulement visible acceptable",44.0633791917719,7.61976408438685,"27 juin 2023"
"X3010001","Le RÃ©al de Jouques en amont de Jouques","Onde OFB",2023-06-27,"1a","Ecoulement visible acceptable",43.6219850202869,5.66909456266609,"27 juin 2023"
"X3001011","L'AbÃ©ou en amont de Saint-Paul-les-Durance","Onde OFB",2023-06-27,"1a","Ecoulement visible acceptable",43.6766159824448,5.72247579773942,"27 juin 2023"
"V3744011","Le Duzon Ã  Boffres","Onde OFB",2023-06-27,"1a","Ecoulement visible acceptable",44.9332772683155,4.71652118747824,"27 juin 2023"
"V3714021","La SumÃ¨ne Ã  DÃ©saignes","Onde OFB",2023-06-27,"1a","Ecoulement visible acceptable",44.9618128568302,4.54316751739067,"27 juin 2023"
"V3517011","La Deume Ã  Boulieu-les-Annonay","Onde OFB",2023-06-27,"1a","Ecoulement visible acceptable",45.2702286674714,4.64763368379797,"27 juin 2023"
"V3504011","La Cance Ã  Villevocance","Onde OFB",2023-06-27,"1a","Ecoulement visible acceptable",45.2346422823959,4.61397566993029,"27 juin 2023"
"V5425211","La GagniÃ¨re Ã  Bannes","Onde OFB",2023-06-27,"1a","Ecoulement visible acceptable",44.3461367427995,4.10146713976264,"27 juin 2023"
"U2604071","Vergetolle Ã  Vuillafans","Onde OFB",2023-06-27,"1a","Ecoulement visible acceptable",47.0668674844629,6.20158468234445,"27 juin 2023"
"U2624011","Bief De Caille Ã  Ronchaux","Onde OFB",2023-06-27,"1a","Ecoulement visible acceptable",47.0550953640682,5.8968571701019,"27 juin 2023"
"U2604072","Cornebouche Ã  Montgesoye","Onde OFB",2023-06-27,"1a","Ecoulement visible acceptable",47.0975367521609,6.17866769730799,"27 juin 2023"
"U2022022","Fontaine Ronde Ã  La Cluse-Et-Mijoux","Onde OFB",2023-06-27,"1a","Ecoulement visible acceptable",46.8454124924557,6.36986015372767,"27 juin 2023"
"U2225420","Le Gland Ã  Seloncourt","Onde OFB",2023-06-27,"1a","Ecoulement visible acceptable",47.4612951666415,6.86267923337958,"27 juin 2023"
"U2225813","Roide Ã  Pont-De-Roide","Onde OFB",2023-06-27,"1a","Ecoulement visible acceptable",47.387985842169,6.77974778479115,"27 juin 2023"
"U2225811","La Creuse Ã  Glay","Onde OFB",2023-06-27,"1a","Ecoulement visible acceptable",47.401350395063,6.88794402084164,"27 juin 2023"
"U2215211","La Reverotte Ã  La Sommette","Onde OFB",2023-06-27,"1a","Ecoulement visible acceptable",47.1855823350637,6.51621951338832,"27 juin 2023"
"U1044011","Crenu Ã  Avilley","Onde OFB",2023-06-27,"1a","Ecoulement visible acceptable",47.4239906675648,6.28079132493769,"27 juin 2023"
"U2515531","Mercureaux Ã  Beure","Onde OFB",2023-06-27,"1a","Ecoulement visible acceptable",47.2053552655509,6.0127578020208,"27 juin 2023"
"U2522021","Moulin Caillet Ã  Vorges-Les-Pins","Onde OFB",2023-06-27,"1a","Ecoulement visible acceptable",47.1529713660095,5.92190665298559,"27 juin 2023"
"U2419112","Blussans Ã  Blussans","Onde OFB",2023-06-27,"1a","Ecoulement visible acceptable",47.4281069453491,6.60672104469933,"27 juin 2023"
"U2419111","L'Abbaye Ã  Appenans","Onde OFB",2023-06-27,"1a","Ecoulement visible acceptable",47.4432898470331,6.56301697357879,"27 juin 2023"
"U2419113","Mancenans Ã  Mancenans","Onde OFB",2023-06-27,"1a","Ecoulement visible acceptable",47.4496819681527,6.54391057358804,"27 juin 2023"
"U1044012","Moulin De Montby Ã  Gondenans Montby","Onde OFB",2023-06-27,"1a","Ecoulement visible acceptable",47.4617828003715,6.45919693440547,"27 juin 2023"
"U2334031","Feschotte Ã  Fesche Le Chatel","Onde OFB",2023-06-27,"1a","Ecoulement visible acceptable",47.5194871571769,6.91471180942763,"27 juin 2023"
"U1044013","Nans Ã  Nans","Onde OFB",2023-06-27,"1a","Ecoulement visible acceptable",47.4803932077559,6.40543322076416,"27 juin 2023"
"U1054012","Corcelle Ã  Chaudefontaine","Onde OFB",2023-06-27,"1a","Ecoulement visible acceptable",47.3424884766173,6.15580841000765,"27 juin 2023"
"J5618321","ruisseau belle chÃ¨re","Onde OFB",2023-06-27,"1a","Ecoulement visible acceptable",47.9656399496573,-2.8580666465379,"27 juin 2023"
"J5618322","evel","Onde OFB",2023-06-27,"1a","Ecoulement visible acceptable",47.9523558177264,-2.86209661454545,"27 juin 2023"
"Y4425011","Le Fauge Ã  l'amont du passage busÃ© du village de GÃ©menos","Onde OFB",2023-06-27,"1a","Ecoulement visible acceptable",43.2976262871802,5.63129076354663,"27 juin 2023"
"F6410001","ThÃ©rouanne Ã  Congis-sur-ThÃ©rouanne","Onde OFB",2023-06-27,"1a","Ecoulement visible acceptable",49.0203997976443,2.96337588264235,"27 juin 2023"
"J5000001","ruisseau de keryvon","Onde OFB",2023-06-27,"1a","Ecoulement visible acceptable",48.0048949434917,-3.22993962791066,"27 juin 2023"
"P3250001","Ruisseau le Roseix Ã  Vars-sur-Roseix","Onde OFB",2023-06-27,"1a","Ecoulement visible acceptable",45.2687521674592,1.36319219650406,"27 juin 2023"
"I1213410","Douet de la Taille","Onde OFB",2023-06-27,"1a","Ecoulement visible acceptable",49.3074252767419,0.154648805402891,"27 juin 2023"
"I0350001","Ru de Manneville","Onde OFB",2023-06-27,"1a","Ecoulement visible acceptable",49.2733691029729,0.223132610203372,"27 juin 2023"
"I1530001","Douet Champion","Onde OFB",2023-06-27,"1a","Ecoulement visible acceptable",49.2631128623558,0.00365441428422969,"27 juin 2023"
"W1300011","Les Granges Ã  la BuissiÃ¨re (Pont N90)","Onde OFB",2023-07-04,"1f","Ecoulement visible faible",45.4034506478401,5.97982782174445,"4 juillet 2023"
"V3300001","La VarÃ¨ze au Gontard","Onde OFB",2023-07-04,"1f","Ecoulement visible faible",45.4318210087885,4.94489479219843,"4 juillet 2023"
"V3600002","Le Galaveyson Ã  Montfalcon ","Onde OFB",2023-07-04,"1f","Ecoulement visible faible",45.2684403739329,5.18199212757374,"4 juillet 2023"
"W3125211","Le Courbon Ã  Paladru (amont lac)","Onde OFB",2023-07-04,"1f","Ecoulement visible faible",45.4800009048067,5.56742219378666,"4 juillet 2023"
"V300 9112","La Chana Ã  Villette-d'Anthon","Onde OFB",2023-07-04,"1f","Ecoulement visible faible",45.7949671050452,5.0971089387665,"4 juillet 2023"
"W1310011","La Terrasse Ã  La Terrasse (Pont N90)","Onde OFB",2023-07-04,"1f","Ecoulement visible faible",45.3231519017151,5.93289888605379,"4 juillet 2023"
"V3324011","Le Dolon Ã  Pact","Onde OFB",2023-07-04,"1f","Ecoulement visible faible",45.3535397974347,4.98630148807834,"4 juillet 2023"
"W3235011","La Cumane Ã  Varacieux (confluence Guette)","Onde OFB",2023-07-04,"1f","Ecoulement visible faible",45.2010357244875,5.35380077356186,"4 juillet 2023"
"W320 0011 ","Le Rival Ã  Tullins","Onde OFB",2023-07-04,"1f","Ecoulement visible faible",45.2862139526518,5.50743651995386,"4 juillet 2023"
"Q8110001","La Joyeuse Ã  Amendeuix-Oneix","Onde OFB",2023-07-03,"1f","Ecoulement visible faible",43.331941113784,-1.03529783766051,"3 juillet 2023"
"Q5231011","Lâ€™Ousse des Bois Ã  Aussevielle","Onde OFB",2023-07-03,"1f","Ecoulement visible faible",43.3544752157111,-0.49202069235078,"3 juillet 2023"
"P2330001","Le ruisseau de Tournefeuille Ã  Lamothe-FÃ¨nelon","Onde OFB",2023-06-30,"1f","Ecoulement visible faible",44.8326807457433,1.4123948799463,"30 juin 2023"
"O5730001","Le RÃ´ Ã  Castelnau-de-Montmiral","Onde OFB",2023-06-27,"1f","Ecoulement visible faible",43.9853015867864,1.80862211014069,"27 juin 2023"
"U0640001","Ruisseau la Bonde Ã  la Roche-Morey","Onde OFB",2023-06-27,"1f","Ecoulement visible faible",47.6688060196967,5.72740863682692,"27 juin 2023"
"I2420001","Ru de Cresme","Onde OFB",2023-06-27,"1f","Ecoulement visible faible",48.9113885736369,-0.598973630895563,"27 juin 2023"
"L0615811","l'Aurencelle Ã  Limoges","Onde OFB",2023-06-27,"1f","Ecoulement visible faible",45.8981852036365,1.29064087350577,"27 juin 2023"
"L531 0002","La Vareille Ã  Magnac Laval","Onde OFB",2023-06-27,"1f","Ecoulement visible faible",46.2427415824141,1.15905291255239,"27 juin 2023"
"F3440003","Le ru de LigniÃ¨re Ã  Survanne","Onde OFB",2023-06-27,"1f","Ecoulement visible faible",48.0238766080418,3.94841788657656,"27 juin 2023"
"V7115012","La DevÃ¨ze amont Pont Ravagers","Onde OFB",2023-06-27,"1f","Ecoulement visible faible",44.1983800097487,3.71622785546804,"27 juin 2023"
"O3070001","Le Malzac amont pont moulin de GÃ©minard","Onde OFB",2023-06-27,"1f","Ecoulement visible faible",44.2449755571578,3.66706031418123,"27 juin 2023"
"V7105211","le Merlet Ã  l'amont sa confluence avec le Gardon de Saint Germain","Onde OFB",2023-06-27,"1f","Ecoulement visible faible",44.1925310198794,3.84796471398383,"27 juin 2023"
"V7105212","Le Gardon de Saint Germain de Calberte Ã  l'amont du Pont de l'Ancisole","Onde OFB",2023-06-27,"1f","Ecoulement visible faible",44.2208190865148,3.81413652309101,"27 juin 2023"
"V7156225","Le Gardon d'AlÃ¨s Ã  la riviÃ¨re","Onde OFB",2023-06-27,"1f","Ecoulement visible faible",44.2782205016938,3.82102858970248,"27 juin 2023"
"V7156223","Ruisseau de MarnonflÃ¨s Ã  l'amont de Richaldon","Onde OFB",2023-06-27,"1f","Ecoulement visible faible",44.2339684137022,3.92422794711522,"27 juin 2023"
"V7156224","Le Galeizon Ã  l'amont du Pont des Ombres","Onde OFB",2023-06-27,"1f","Ecoulement visible faible",44.2095986497009,3.90673847590574,"27 juin 2023"
"W3020001","Le Lanfray Ã  Fontanil-Cornillon (pont N75)","Onde OFB",2023-06-27,"1f","Ecoulement visible faible",45.2536554352796,5.66244054162244,"27 juin 2023"
"U0300001","Ruisseau de Gailley Ã  Chauvirey-Le-Vieil","Onde OFB",2023-06-27,"1f","Ecoulement visible faible",47.7859102615601,5.7638948659118,"27 juin 2023"
"V3324011","Le Dolon Ã  Pact","Onde OFB",2023-06-27,"1f","Ecoulement visible faible",45.3535397974347,4.98630148807834,"27 juin 2023"
"V3300001","La VarÃ¨ze au Gontard","Onde OFB",2023-06-27,"1f","Ecoulement visible faible",45.4318210087885,4.94489479219843,"27 juin 2023"
"V3600002","Le Galaveyson Ã  Montfalcon ","Onde OFB",2023-06-27,"1f","Ecoulement visible faible",45.2684403739329,5.18199212757374,"27 juin 2023"
"K1220001","RiviÃ¨re l'Arroux Ã  Igornay","Onde OFB",2023-06-27,"1f","Ecoulement visible faible",47.0467274794422,4.372909605676,"27 juin 2023"
"K4430003","L'Ardoux Ã  MeziÃ¨res-Lez-ClÃ©ry","Onde OFB",2023-06-27,"1f","Ecoulement visible faible",47.7930047528453,1.82347684036126,"27 juin 2023"
"K4710001","Le DÃ©roboir Ã  Marcilly-en-Villette","Onde OFB",2023-06-27,"1f","Ecoulement visible faible",47.7461003314324,2.06954106785046,"27 juin 2023"
"K4373111","Le Dhuy Ã  Guilly","Onde OFB",2023-06-27,"1f","Ecoulement visible faible",47.7938474277505,2.27464539488864,"27 juin 2023"
"K1273112","Ru de Sommant Ã  Sommant","Onde OFB",2023-06-27,"1f","Ecoulement visible faible",47.0451101456457,4.2202256342141,"27 juin 2023"
"K1353011","Ruisseau du Moulin Neuf Ã  Gourdon","Onde OFB",2023-06-27,"1f","Ecoulement visible faible",46.6534141100319,4.41354394761946,"27 juin 2023"
"K4430001","L'Ardoux Ã  Ardon","Onde OFB",2023-06-27,"1f","Ecoulement visible faible",47.774530836628,1.87641912168254,"27 juin 2023"
"V300 9112","La Chana Ã  Villette-d'Anthon","Onde OFB",2023-06-27,"1f","Ecoulement visible faible",45.7949671050452,5.0971089387665,"27 juin 2023"
"P403 0001","La Logne Ã  Mansac","Onde OFB",2023-06-27,"1f","Ecoulement visible faible",45.1456928979212,1.36461503181965,"27 juin 2023"
"U4614011","Le Rebaisselet Ã  Ternand","Onde OFB",2023-06-27,"1f","Ecoulement visible faible",45.9514309393404,4.53152640363725,"27 juin 2023"
"F4100008","Le ruisseau des Philiberts Ã  Aillant-sur-Milleron","Onde OFB",2023-06-27,"1f","Ecoulement visible faible",47.7932120861299,2.92644502224242,"27 juin 2023"
"F4110002","Le ru de Dorlot Ã  Saint-Maurice-sur-Aveyron","Onde OFB",2023-06-27,"1f","Ecoulement visible faible",47.8546099873632,2.96754479085133,"27 juin 2023"
"F4160003","Le ru des Chaumerons Ã  TriguÃ¨res","Onde OFB",2023-06-27,"1f","Ecoulement visible faible",47.9122216954107,3.00259830647065,"27 juin 2023"
"F4210002","Le Vernisson Ã  Cortrat","Onde OFB",2023-06-27,"1f","Ecoulement visible faible",47.9054631970424,2.76499539972047,"27 juin 2023"
"K4150011","l'Ethelin Ã  ChÃ¢tillon-sur-Loire","Onde OFB",2023-06-27,"1f","Ecoulement visible faible",47.5548023595792,2.7229329283995,"27 juin 2023"
"K4150012","l'Ousson Ã  Dammarie-en-Puisaye","Onde OFB",2023-06-27,"1f","Ecoulement visible faible",47.6216827101223,2.87006851228504,"27 juin 2023"
"K4373115","Le ruisseau des Sablons Ã  Vienne-en-val","Onde OFB",2023-06-27,"1f","Ecoulement visible faible",47.7860505117472,2.1411670340119,"27 juin 2023"
"K4373112","Le ruisseau le Massy Ã  Neuvy-en-sullias","Onde OFB",2023-06-27,"1f","Ecoulement visible faible",47.7812517112854,2.26744241859682,"27 juin 2023"
"K4373116","Le ruisseau des GrosliÃ¨res Ã  Vienne-en-val","Onde OFB",2023-06-27,"1f","Ecoulement visible faible",47.7898042170032,2.09809241225183,"27 juin 2023"
"M6214011","La Divatte","Onde OFB",2023-06-27,"1f","Ecoulement visible faible",47.2726790346138,-1.27824285222285,"27 juin 2023"
"M6204011","Le HÃ¢vre","Onde OFB",2023-06-27,"1f","Ecoulement visible faible",47.3854995793084,-1.29508700560124,"27 juin 2023"
"M6110001","La GrÃ©e","Onde OFB",2023-06-27,"1f","Ecoulement visible faible",47.4152165195234,-1.16700361089054,"27 juin 2023"
"M8000021","La ChÃ©zine","Onde OFB",2023-06-27,"1f","Ecoulement visible faible",47.2504788101302,-1.65631492786213,"27 juin 2023"
"M6357021","Le Gesvres","Onde OFB",2023-06-27,"1f","Ecoulement visible faible",47.3262999126248,-1.68953258950128,"27 juin 2023"
"M6325011","L'Erdre","Onde OFB",2023-06-27,"1f","Ecoulement visible faible",47.5320884039152,-1.16926341288121,"27 juin 2023"
"J7940001","La CÃ´ne","Onde OFB",2023-06-27,"1f","Ecoulement visible faible",47.6421502129764,-1.59032686296827,"27 juin 2023"
"J9400001","Les PerriÃ¨res","Onde OFB",2023-06-27,"1f","Ecoulement visible faible",47.3840436717773,-2.4308344805507,"27 juin 2023"
"M6204012","Le Donneau","Onde OFB",2023-06-27,"1f","Ecoulement visible faible",47.4709883607084,-1.26322600623939,"27 juin 2023"
"M8205021","L'Ognon","Onde OFB",2023-06-27,"1f","Ecoulement visible faible",46.997752791129,-1.42464417651167,"27 juin 2023"
"Y6635012","Le Merlanson Ã  Sospel","Onde OFB",2023-06-27,"1f","Ecoulement visible faible",43.8743048092148,7.4470026253949,"27 juin 2023"
"V3730001","La Daronne Ã  Colombier-le-Vieux","Onde OFB",2023-06-27,"1f","Ecoulement visible faible",45.0681517185387,4.73800803675271,"27 juin 2023"
"V4500001","L'Escoutay Ã  Alba-la-Romaine","Onde OFB",2023-06-27,"1f","Ecoulement visible faible",44.5575011052221,4.59608702259861,"27 juin 2023"
"F0520001","La Sarce Ã  Villemorien","Onde OFB",2023-06-27,"1f","Ecoulement visible faible",48.0845274782636,4.29961527995826,"27 juin 2023"
"O3500001","Le Rieu PourquiÃ© Ã  Murat-sur-VÃ¨bre","Onde OFB",2023-06-27,"1f","Ecoulement visible faible",43.6873441686615,2.90586285739387,"27 juin 2023"
"U1004011","Ruisseau du Ballon Ã  Haut-du-Them-Chateau-Lambert","Onde OFB",2023-06-27,"1f","Ecoulement visible faible",47.8324951964318,6.71481902103914,"27 juin 2023"
"U1025031","RiviÃ¨re le Rahin Ã  Champagney","Onde OFB",2023-06-27,"1f","Ecoulement visible faible",47.7039873291759,6.68035388542679,"27 juin 2023"
"U1025033","Ru de la Goutte Ã  Plancher-Bas","Onde OFB",2023-06-27,"1f","Ecoulement visible faible",47.7178962993655,6.73932200227703,"27 juin 2023"
"L0600001","Ruisseau le Boulou Ã  bosmie l'Aiguille","Onde OFB",2023-06-27,"1f","Ecoulement visible faible",45.7635656855277,1.19861175060098,"27 juin 2023"
"L013 0002","La Galamache Ã  SAUVIAT-SUR-VIGE","Onde OFB",2023-06-27,"1f","Ecoulement visible faible",45.8925746136135,1.55603013117419,"27 juin 2023"
"K417 0004","Ru de la grande barre Ã  OUZOUER SUR TREZEE","Onde OFB",2023-06-27,"1f","Ecoulement visible faible",47.6574769620212,2.82046721731534,"27 juin 2023"
"V7115011","Le Gardon de Sainte Croix aval du pont de la Boissonnade","Onde OFB",2023-06-27,"1f","Ecoulement visible faible",44.1656416269763,3.76505276566439,"27 juin 2023"
"O3006711","La VÃ©riÃ© sur le GR 72","Onde OFB",2023-06-27,"1f","Ecoulement visible faible",44.3837779339182,3.86080702007925,"27 juin 2023"
"V5048812","Le Chassezac Ã  Belvezet","Onde OFB",2023-06-27,"1f","Ecoulement visible faible",44.5658684026141,3.7425187706982,"27 juin 2023"
"F4510002","La Rimarde Ã  Nibelle","Onde OFB",2023-06-27,"1f","Ecoulement visible faible",48.0080573240301,2.3227899000185,"27 juin 2023"
"O4680001","Le d'assou Ã  Fiac","Onde OFB",2023-06-27,"1f","Ecoulement visible faible",43.7131622079506,1.9101246703022,"27 juin 2023"
"U1075411","Magney Ã  Bay","Onde OFB",2023-06-27,"1f","Ecoulement visible faible",47.2979673722749,5.70263952596547,"27 juin 2023"
"U0430001","Censeaux Ã  Aillevillers-et-Lyaumont","Onde OFB",2023-06-27,"1f","Ecoulement visible faible",47.9497558864187,6.31483758751629,"27 juin 2023"
"K4330001","La CrÃ©nolle Ã  Trainou","Onde OFB",2023-06-27,"1f","Ecoulement visible faible",47.9382971280349,2.09719513065886,"27 juin 2023"
"V150 6011","Le Merdaret Ã  St Joseph de RiviÃ¨re","Onde OFB",2023-06-27,"1f","Ecoulement visible faible",45.3727635677333,5.68727394634554,"27 juin 2023"
"H5119041","Fontenelle Ã  St Wandrille","Onde OFB",2023-06-27,"1f","Ecoulement visible faible",49.5336237942883,0.782834339114933,"27 juin 2023"
"F4210001","Le Vernisson Ã  Boismorand","Onde OFB",2023-06-27,"1f","Ecoulement visible faible",47.7881349505446,2.7179346280918,"27 juin 2023"
"F4100007","Le Milleron Ã  Aillant-sur-Milleron","Onde OFB",2023-06-27,"1f","Ecoulement visible faible",47.7876351691496,2.91907501937436,"27 juin 2023"
"K4190001","le Rousson Ã  Autry-le-ChÃ¢tel","Onde OFB",2023-06-27,"1f","Ecoulement visible faible",47.6209404263578,2.62487586074036,"27 juin 2023"
"K4280001","ru de saint-Laurent aux Bordes","Onde OFB",2023-06-27,"1f","Ecoulement visible faible",47.8310528361397,2.42224391409015,"27 juin 2023"
"M6357022","Le Cens","Onde OFB",2023-06-27,"1f","Ecoulement visible faible",47.2924611794623,-1.69359005272254,"27 juin 2023"
"M6340001","Le Hocmard","Onde OFB",2023-06-27,"1f","Ecoulement visible faible",47.3532884902036,-1.57430872532452,"27 juin 2023"
"M6333021","La GuineliÃ¨re","Onde OFB",2023-06-27,"1f","Ecoulement visible faible",47.4248408143224,-1.46366847997321,"27 juin 2023"
"J7803021","L'Aujuais","Onde OFB",2023-06-27,"1f","Ecoulement visible faible",47.7318174266274,-1.29521351141243,"27 juin 2023"
"Y6635011","Le vallon de Guiou au pont de la RD2566","Onde OFB",2023-06-27,"1f","Ecoulement visible faible",43.8921626598603,7.41878791867914,"27 juin 2023"
"Y4022012","Le Bayon en amont de Saint-Antonin-sur-Bayon","Onde OFB",2023-06-27,"1f","Ecoulement visible faible",43.5167536363701,5.59153998203634,"27 juin 2023"
"U2022021","La Morte Ã  La Cluse-Et-Mijoux","Onde OFB",2023-06-27,"1f","Ecoulement visible faible",46.8725038526274,6.3953715181657,"27 juin 2023"
"U2225814","Barbeche Ã  Solemont","Onde OFB",2023-06-27,"1f","Ecoulement visible faible",47.3308774363191,6.69103913555334,"27 juin 2023"
"U2102022","Theverot aux Gras","Onde OFB",2023-06-27,"1f","Ecoulement visible faible",46.9848896515615,6.52178216172468,"27 juin 2023"
"F6380001","Croix HÃ©lÃ¨ne Ã  Crouy-sur-Ourcq","Onde OFB",2023-06-27,"1f","Ecoulement visible faible",49.0828040790983,3.08465658637902,"27 juin 2023"
"F6640007",NA,"Onde OFB",2023-06-27,"1f","Ecoulement visible faible",48.9027049547706,2.6159600926211,"27 juin 2023"
"J5606811","runio","Onde OFB",2023-06-27,"1f","Ecoulement visible faible",48.0164529374017,-2.7904762751822,"27 juin 2023"
"Y4415621","L'Huveaune Ã  Auriol","Onde OFB",2023-06-27,"1f","Ecoulement visible faible",43.3706558488486,5.64872740946479,"27 juin 2023"
"V1600001","La BiÃ¨vre Ã  Pressins","Onde OFB",2023-07-04,"2","Ecoulement non visible",45.533737837844,5.63230190831509,"4 juillet 2023"
"M7314011","La Logne de Vallet","Onde OFB",2023-06-27,"2","Ecoulement non visible",47.162371921064,-1.24283599865589,"27 juin 2023"
"U0815013","Ruisseau le Cabri Ã  Sainte-Reine","Onde OFB",2023-06-27,"2","Ecoulement non visible",47.4996526306284,5.77910794046411,"27 juin 2023"
"L5323011","Ruisseau de Belleterie Ã  Oradour St Genest","Onde OFB",2023-06-27,"2","Ecoulement non visible",46.2554553997323,1.04107518336694,"27 juin 2023"
"K434 0003","L'ivoirie Ã  TRAINOU","Onde OFB",2023-06-27,"2","Ecoulement non visible",47.953620061848,2.07883058512128,"27 juin 2023"
"E131 0003","Le ruisseau de l'Erclin Ã  Saint-Aubert","Onde OFB",2023-06-27,"2","Ecoulement non visible",50.2127493746148,3.41181134743619,"27 juin 2023"
"K4443011","Le ru de VÃ©zenne Ã  Jouy-le-Potier","Onde OFB",2023-06-27,"2","Ecoulement non visible",47.755421533182,1.76926949160767,"27 juin 2023"
"V1600001","La BiÃ¨vre Ã  Pressins","Onde OFB",2023-06-27,"2","Ecoulement non visible",45.533737837844,5.63230190831509,"27 juin 2023"
"K4373114","L'Ousson Ã  Sigloy","Onde OFB",2023-06-27,"2","Ecoulement non visible",47.8225308947078,2.21595804985599,"27 juin 2023"
"F4230001","La Bezonde Ã  Nesploy","Onde OFB",2023-06-27,"2","Ecoulement non visible",48.0012452901462,2.3731495909404,"27 juin 2023"
"K4170001","ru de Pont-Chevron Ã  BussiÃ¨re","Onde OFB",2023-06-27,"2","Ecoulement non visible",47.7133053901642,2.77690000178331,"27 juin 2023"
"J9210001","La Basse MarÃ©e","Onde OFB",2023-06-27,"2","Ecoulement non visible",47.5406250341597,-1.87093631077811,"27 juin 2023"
"M6230001","Le Gueubert","Onde OFB",2023-06-27,"2","Ecoulement non visible",47.1848872382447,-1.33328464213251,"27 juin 2023"
"M7302421","Le Chaintreau","Onde OFB",2023-06-27,"2","Ecoulement non visible",47.1162815181604,-1.26859187269066,"27 juin 2023"
"M7453011","L'OsÃ©e","Onde OFB",2023-06-27,"2","Ecoulement non visible",47.0535191286021,-1.35857322234901,"27 juin 2023"
"V4000001","Le Mialan Ã  Saint-PÃ©ray","Onde OFB",2023-06-27,"2","Ecoulement non visible",44.9459794389875,4.84760823615411,"27 juin 2023"
"E3666011","RiviÃ¨re des layes Ã  Bois-Grenier","Onde OFB",2023-06-27,"2","Ecoulement non visible",50.6415527778247,2.8630564917145,"27 juin 2023"
"Y0655022","Le Tarassac Ã  Tuchan","Onde OFB",2023-06-27,"2","Ecoulement non visible",42.8867558124974,2.72452085393156,"27 juin 2023"
"U1025032","Le Rahin Ã  Lure","Onde OFB",2023-06-27,"2","Ecoulement non visible",47.6534141973496,6.50879555000724,"27 juin 2023"
"F4240001","L'Huillard Ã  ChÃ¢tenoy","Onde OFB",2023-06-27,"2","Ecoulement non visible",47.9166691211052,2.40392786435544,"27 juin 2023"
"K470 0002","Le Cosson Ã  VANNES-SUR-COSSON","Onde OFB",2023-06-27,"2","Ecoulement non visible",47.706093965961,2.2240767485379,"27 juin 2023"
"M8144021","La Logne de LegÃ©","Onde OFB",2023-06-27,"2","Ecoulement non visible",46.8784350802371,-1.59107655102444,"27 juin 2023"
"U2102010","Le Doubs Ã  Ville-Du-Pont","Onde OFB",2023-06-27,"2","Ecoulement non visible",47.0107188741216,6.48296021350364,"27 juin 2023"
"U2035051","Le Drugeon Ã  Bonnevaux","Onde OFB",2023-06-27,"2","Ecoulement non visible",46.8110136362125,6.18443060152667,"27 juin 2023"
"V3215010","La Vesonne Ã  Estrablin","Onde OFB",2023-07-04,"3","A sec",45.5141255426793,4.96385601839971,"4 juillet 2023"
"V3410001","Les Eydoches Ã  Faramans","Onde OFB",2023-07-04,"3","A sec",45.3961711423795,5.181934938435,"4 juillet 2023"
"V164 0001","L'Amby Ã  HiÃ¨res-sur-Amby","Onde OFB",2023-07-04,"3","A sec",45.7996372091605,5.30169207418193,"4 juillet 2023"
"V162 0001","La Chogne Ã  Bouvesse Quirieu","Onde OFB",2023-07-04,"3","A sec",45.7624330187009,5.42289571437055,"4 juillet 2023"
"W3100001","La Morge Ã  Saint-Aupre (La croix rouge)","Onde OFB",2023-07-04,"3","A sec",45.3972658191333,5.66427849749475,"4 juillet 2023"
"V3425611","Les Orons Ã  Pajay","Onde OFB",2023-07-04,"3","A sec",45.3424049334171,5.11713636857736,"4 juillet 2023"
"Y6517011","Le Paillon de Contes Ã  Contes","Onde OFB",2023-06-27,"3","A sec",43.8133490719687,7.30981014991902,"27 juin 2023"
"U1014022","RiviÃ¨re l'Ognon Ã  Froideterre","Onde OFB",2023-06-27,"3","A sec",47.6873665605303,6.52681894009835,"27 juin 2023"
"F1270001","Le Froideau Ã  Crespy le Neuf","Onde OFB",2023-06-27,"3","A sec",48.3979030058805,4.59799632179161,"27 juin 2023"
"O7035011","La Nize au pont de la Roche","Onde OFB",2023-06-27,"3","A sec",44.4830140375232,3.54452372590642,"27 juin 2023"
"K4300021","Le ruisseau de l'Anche Ã  ChÃ¢teauneuf-sur-Loire","Onde OFB",2023-06-27,"3","A sec",47.9098161351145,2.30935395235748,"27 juin 2023"
"K4340001","Le ruisseau de la Grande Esse Ã  Loury","Onde OFB",2023-06-27,"3","A sec",48.005685493207,2.103047104822,"27 juin 2023"
"U1054011","Ruisseau du Grand Bois Ã  Buthiers","Onde OFB",2023-06-27,"3","A sec",47.357958488141,6.02121881148548,"27 juin 2023"
"K1211811","Ruisseau le TrÃ©voux Ã  Igornay","Onde OFB",2023-06-27,"3","A sec",47.0544770903814,4.35335211512407,"27 juin 2023"
"V3410001","Les Eydoches Ã  Faramans","Onde OFB",2023-06-27,"3","A sec",45.3961711423795,5.181934938435,"27 juin 2023"
"V3425611","Les Orons Ã  Pajay","Onde OFB",2023-06-27,"3","A sec",45.3424049334171,5.11713636857736,"27 juin 2023"
"F4100009","Le Ru Simon Ã  la Chapelle-sur-Aveyron","Onde OFB",2023-06-27,"3","A sec",47.8453913051483,2.8539636806774,"27 juin 2023"
"F4100010","Le ruisseau le Talot Ã  Sainte-GeneviÃ¨ve-des-Bois","Onde OFB",2023-06-27,"3","A sec",47.8207749166388,2.81572254684357,"27 juin 2023"
"V164 0001","L'Amby Ã  HiÃ¨res-sur-Amby","Onde OFB",2023-06-27,"3","A sec",45.7996372091605,5.30169207418193,"27 juin 2023"
"G5100611","Dun Ã  St Pierre","Onde OFB",2023-06-27,"3","A sec",49.8266332574054,0.848388427589765,"27 juin 2023"
"M8503011","Le Moulin Foulon","Onde OFB",2023-06-27,"3","A sec",47.4530025284496,-1.95217907461226,"27 juin 2023"
"Y6620001","Le vallon de Cayros Ã  Cayrosina","Onde OFB",2023-06-27,"3","A sec",43.9948177520908,7.53027763252617,"27 juin 2023"
"Y6620002","La Bendola en amont de sa confluence avec la Roya","Onde OFB",2023-06-27,"3","A sec",43.9815601376752,7.54683824303644,"27 juin 2023"
"Y1452021","La Jourre Ã  Fontcouverte","Onde OFB",2023-06-27,"3","A sec",43.1670269404073,2.68835877715876,"27 juin 2023"
"Y1550001","La Nielle Ã  Fabrezan","Onde OFB",2023-06-27,"3","A sec",43.1332088081455,2.70633973526824,"27 juin 2023"
"Y0814002","La Berre Ã  Villeneuve-les-CorbiÃ¨res","Onde OFB",2023-06-27,"3","A sec",42.9934050795165,2.78825901482889,"27 juin 2023"
"Y0824031","La Berre Ã  Portel-des-CorbiÃ¨res","Onde OFB",2023-06-27,"3","A sec",43.0537898834196,2.91701867360135,"27 juin 2023"
"F4240002","ruisseau de la Motte Bucy Ã  Sury-aux-bois","Onde OFB",2023-06-27,"3","A sec",47.9713186972432,2.35199310596777,"27 juin 2023"
"Y4214041","Le Ruisseau de Concernade en aval de Lambesc","Onde OFB",2023-06-27,"3","A sec",43.6511244446807,5.24918359966059,"27 juin 2023"
"U1004012","Ruisseau de la Mer Ã  Melisey","Onde OFB",2023-06-27,"3","A sec",47.7597242542211,6.57370373864509,"27 juin 2023"
"K4400002","MAUVE DE ST AY A CHAINGY","Onde OFB",2023-06-27,"3","A sec",47.8752832075028,1.74834055892884,"27 juin 2023"
"K434 0004","L'OisiniÃ¨re Ã  TIGY","Onde OFB",2023-06-27,"3","A sec",47.7939622145853,2.19105856587847,"27 juin 2023"
"K4414091","La Mauve de Montpipeau Ã  Huisseau-sur-Mauves","Onde OFB",2023-06-27,"3","A sec",47.8928822538007,1.69135259860465,"27 juin 2023"
"V3215010","La Vesonne Ã  Estrablin","Onde OFB",2023-06-27,"3","A sec",45.5141255426793,4.96385601839971,"27 juin 2023"
"K4310001","Le Chaudronnier Ã  Ingrannes","Onde OFB",2023-06-27,"3","A sec",48.0143144662179,2.24847151944697,"27 juin 2023"
"V162 0001","La Chogne Ã  Bouvesse Quirieu","Onde OFB",2023-06-27,"3","A sec",45.7624330187009,5.42289571437055,"27 juin 2023"
"F4210003","Le Puiseaux Ã  Nogent-sur-Vernisson","Onde OFB",2023-06-27,"3","A sec",47.8566766957033,2.71301977615994,"27 juin 2023"
"K4180011","l'ocre Ã  Saint-Firmin-sur-Loire","Onde OFB",2023-06-27,"3","A sec",47.6043882263073,2.68769191745422,"27 juin 2023"
"Y6520001","Le Paillon Ã  Nice","Onde OFB",2023-06-27,"3","A sec",43.734848058463,7.30142803859906,"27 juin 2023"
"Y6536611","Le ruisseau de Ciambairo en amont de sa cofluence avec le CareÃ¯","Onde OFB",2023-06-27,"3","A sec",43.8240836709041,7.48566269921495,"27 juin 2023"
"K4320001","Le ru du GuÃ© des Viviers Ã  Combreux","Onde OFB",2023-06-27,"3","A sec",47.9488440027869,2.31584491893935,"27 juin 2023"
"M1050002","Le Nant Ã  Bougy-lez-neuville","Onde OFB",2023-06-27,"3","A sec",48.0392656288154,2.02536386893418,"27 juin 2023"
"U2604073","Breme Ã  Ornans","Onde OFB",2023-06-27,"3","A sec",47.1189627924836,6.12070604957343,"27 juin 2023"
"F6380003","Chaton Ã  Vendrest","Onde OFB",2023-06-27,"3","A sec",49.028408212555,3.10885147591932,"27 juin 2023"
"F6600001","Rapinet Ã  Jablines","Onde OFB",2023-06-27,"3","A sec",48.9185160629093,2.76668945530432,"27 juin 2023"
"F6630001","Gondoire Ã  Gouvernes","Onde OFB",2023-06-27,"3","A sec",48.8605992651796,2.70288247589283,"27 juin 2023"
"Y4415623","Le MerlanÃ§on avant sa confluence avec l'Huveaune","Onde OFB",2023-06-27,"3","A sec",43.3670376795713,5.60945034318315,"27 juin 2023"
