"domain_id","dep_name","max_color_id","final_htmlok","heure_update","jour_publi","heure_publi"
"10","Aube",1,"<ul class='leg'><li class='leg__item leg__item--line leg__item--green'> Pas de vigilance </li> </ul>",2023-07-08 16:00:15,"8 juillet 2023","16h00"
"11","Aude",1,"<ul class='leg'><li class='leg__item leg__item--line leg__item--green'> Pas de vigilance </li> </ul>",2023-07-08 16:00:15,"8 juillet 2023","16h00"
"12","Aveyron",1,"<ul class='leg'><li class='leg__item leg__item--line leg__item--green'> Pas de vigilance </li> </ul>",2023-07-08 16:00:15,"8 juillet 2023","16h00"
"13","Bouches-du-Rhône",1,"<ul class='leg'><li class='leg__item leg__item--line leg__item--green'> Pas de vigilance </li> </ul>",2023-07-08 16:00:15,"8 juillet 2023","16h00"
"14","Calvados",2,"<ul class=""leg""><li class=""leg__item leg__item--line leg__item--yellow"">Orages: vigilance jaune </li></ul>",2023-07-08 16:00:15,"8 juillet 2023","16h00"
"15","Cantal",1,"<ul class='leg'><li class='leg__item leg__item--line leg__item--green'> Pas de vigilance </li> </ul>",2023-07-08 16:00:15,"8 juillet 2023","16h00"
"16","Charente",1,"<ul class='leg'><li class='leg__item leg__item--line leg__item--green'> Pas de vigilance </li> </ul>",2023-07-08 16:00:15,"8 juillet 2023","16h00"
"17","Charente-Maritime",1,"<ul class='leg'><li class='leg__item leg__item--line leg__item--green'> Pas de vigilance </li> </ul>",2023-07-08 16:00:15,"8 juillet 2023","16h00"
"18","Cher",1,"<ul class='leg'><li class='leg__item leg__item--line leg__item--green'> Pas de vigilance </li> </ul>",2023-07-08 16:00:15,"8 juillet 2023","16h00"
"19","Corrèze",1,"<ul class='leg'><li class='leg__item leg__item--line leg__item--green'> Pas de vigilance </li> </ul>",2023-07-08 16:00:15,"8 juillet 2023","16h00"
"21","Côte-d'Or",2,"<ul class=""leg""><li class=""leg__item leg__item--line leg__item--yellow"">Canicule: vigilance jaune </li></ul>",2023-07-08 16:00:15,"8 juillet 2023","16h00"
"22","Côtes-d'Armor",1,"<ul class='leg'><li class='leg__item leg__item--line leg__item--green'> Pas de vigilance </li> </ul>",2023-07-08 16:00:15,"8 juillet 2023","16h00"
"23","Creuse",1,"<ul class='leg'><li class='leg__item leg__item--line leg__item--green'> Pas de vigilance </li> </ul>",2023-07-08 16:00:15,"8 juillet 2023","16h00"
"24","Dordogne",1,"<ul class='leg'><li class='leg__item leg__item--line leg__item--green'> Pas de vigilance </li> </ul>",2023-07-08 16:00:15,"8 juillet 2023","16h00"
"25","Doubs",1,"<ul class='leg'><li class='leg__item leg__item--line leg__item--green'> Pas de vigilance </li> </ul>",2023-07-08 16:00:15,"8 juillet 2023","16h00"
"26","Drôme",2,"<ul class=""leg""><li class=""leg__item leg__item--line leg__item--yellow"">Canicule: vigilance jaune </li></ul>",2023-07-08 16:00:15,"8 juillet 2023","16h00"
"27","Eure",2,"<ul class=""leg""><li class=""leg__item leg__item--line leg__item--yellow"">Orages: vigilance jaune </li></ul>",2023-07-08 16:00:15,"8 juillet 2023","16h00"
"28","Eure-et-Loir",2,"<ul class=""leg""><li class=""leg__item leg__item--line leg__item--yellow"">Orages: vigilance jaune </li></ul>",2023-07-08 16:00:15,"8 juillet 2023","16h00"
"29","Finistère",1,"<ul class='leg'><li class='leg__item leg__item--line leg__item--green'> Pas de vigilance </li> </ul>",2023-07-08 16:00:15,"8 juillet 2023","16h00"
"30","Gard",1,"<ul class='leg'><li class='leg__item leg__item--line leg__item--green'> Pas de vigilance </li> </ul>",2023-07-08 16:00:15,"8 juillet 2023","16h00"
"31","Haute-Garonne",1,"<ul class='leg'><li class='leg__item leg__item--line leg__item--green'> Pas de vigilance </li> </ul>",2023-07-08 16:00:15,"8 juillet 2023","16h00"
"32","Gers",1,"<ul class='leg'><li class='leg__item leg__item--line leg__item--green'> Pas de vigilance </li> </ul>",2023-07-08 16:00:15,"8 juillet 2023","16h00"
"33","Gironde",1,"<ul class='leg'><li class='leg__item leg__item--line leg__item--green'> Pas de vigilance </li> </ul>",2023-07-08 16:00:15,"8 juillet 2023","16h00"
"34","Hérault",1,"<ul class='leg'><li class='leg__item leg__item--line leg__item--green'> Pas de vigilance </li> </ul>",2023-07-08 16:00:15,"8 juillet 2023","16h00"
"35","Ille-et-Vilaine",2,"<ul class=""leg""><li class=""leg__item leg__item--line leg__item--yellow"">Orages: vigilance jaune </li></ul>",2023-07-08 16:00:15,"8 juillet 2023","16h00"
"36","Indre",1,"<ul class='leg'><li class='leg__item leg__item--line leg__item--green'> Pas de vigilance </li> </ul>",2023-07-08 16:00:15,"8 juillet 2023","16h00"
"37","Indre-et-Loire",1,"<ul class='leg'><li class='leg__item leg__item--line leg__item--green'> Pas de vigilance </li> </ul>",2023-07-08 16:00:15,"8 juillet 2023","16h00"
"38","Isère",2,"<ul class=""leg""><li class=""leg__item leg__item--line leg__item--yellow"">Canicule: vigilance jaune </li></ul>",2023-07-08 16:00:15,"8 juillet 2023","16h00"
"39","Jura",2,"<ul class=""leg""><li class=""leg__item leg__item--line leg__item--yellow"">Canicule: vigilance jaune </li></ul>",2023-07-08 16:00:15,"8 juillet 2023","16h00"
"40","Landes",1,"<ul class='leg'><li class='leg__item leg__item--line leg__item--green'> Pas de vigilance </li> </ul>",2023-07-08 16:00:15,"8 juillet 2023","16h00"
"41","Loir-et-Cher",1,"<ul class='leg'><li class='leg__item leg__item--line leg__item--green'> Pas de vigilance </li> </ul>",2023-07-08 16:00:15,"8 juillet 2023","16h00"
"42","Loire",1,"<ul class='leg'><li class='leg__item leg__item--line leg__item--green'> Pas de vigilance </li> </ul>",2023-07-08 16:00:15,"8 juillet 2023","16h00"
"43","Haute-Loire",1,"<ul class='leg'><li class='leg__item leg__item--line leg__item--green'> Pas de vigilance </li> </ul>",2023-07-08 16:00:15,"8 juillet 2023","16h00"
"44","Loire-Atlantique",1,"<ul class='leg'><li class='leg__item leg__item--line leg__item--green'> Pas de vigilance </li> </ul>",2023-07-08 16:00:15,"8 juillet 2023","16h00"
"45","Loiret",1,"<ul class='leg'><li class='leg__item leg__item--line leg__item--green'> Pas de vigilance </li> </ul>",2023-07-08 16:00:15,"8 juillet 2023","16h00"
"46","Lot",1,"<ul class='leg'><li class='leg__item leg__item--line leg__item--green'> Pas de vigilance </li> </ul>",2023-07-08 16:00:15,"8 juillet 2023","16h00"
"47","Lot-et-Garonne",1,"<ul class='leg'><li class='leg__item leg__item--line leg__item--green'> Pas de vigilance </li> </ul>",2023-07-08 16:00:15,"8 juillet 2023","16h00"
"48","Lozère",1,"<ul class='leg'><li class='leg__item leg__item--line leg__item--green'> Pas de vigilance </li> </ul>",2023-07-08 16:00:15,"8 juillet 2023","16h00"
"49","Maine-et-Loire",1,"<ul class='leg'><li class='leg__item leg__item--line leg__item--green'> Pas de vigilance </li> </ul>",2023-07-08 16:00:15,"8 juillet 2023","16h00"
"50","Manche",2,"<ul class=""leg""><li class=""leg__item leg__item--line leg__item--yellow"">Orages: vigilance jaune </li></ul>",2023-07-08 16:00:15,"8 juillet 2023","16h00"
"51","Marne",1,"<ul class='leg'><li class='leg__item leg__item--line leg__item--green'> Pas de vigilance </li> </ul>",2023-07-08 16:00:15,"8 juillet 2023","16h00"
"52","Haute-Marne",1,"<ul class='leg'><li class='leg__item leg__item--line leg__item--green'> Pas de vigilance </li> </ul>",2023-07-08 16:00:15,"8 juillet 2023","16h00"
"53","Mayenne",2,"<ul class=""leg""><li class=""leg__item leg__item--line leg__item--yellow"">Orages: vigilance jaune </li></ul>",2023-07-08 16:00:15,"8 juillet 2023","16h00"
"54","Meurthe-et-Moselle",1,"<ul class='leg'><li class='leg__item leg__item--line leg__item--green'> Pas de vigilance </li> </ul>",2023-07-08 16:00:15,"8 juillet 2023","16h00"
"55","Meuse",1,"<ul class='leg'><li class='leg__item leg__item--line leg__item--green'> Pas de vigilance </li> </ul>",2023-07-08 16:00:15,"8 juillet 2023","16h00"
"56","Morbihan",1,"<ul class='leg'><li class='leg__item leg__item--line leg__item--green'> Pas de vigilance </li> </ul>",2023-07-08 16:00:15,"8 juillet 2023","16h00"
"57","Moselle",1,"<ul class='leg'><li class='leg__item leg__item--line leg__item--green'> Pas de vigilance </li> </ul>",2023-07-08 16:00:15,"8 juillet 2023","16h00"
"58","Nièvre",1,"<ul class='leg'><li class='leg__item leg__item--line leg__item--green'> Pas de vigilance </li> </ul>",2023-07-08 16:00:15,"8 juillet 2023","16h00"
"59","Nord",2,"<ul class=""leg""><li class=""leg__item leg__item--line leg__item--yellow"">Orages: vigilance jaune </li></ul>",2023-07-08 16:00:15,"8 juillet 2023","16h00"
"60","Oise",2,"<ul class=""leg""><li class=""leg__item leg__item--line leg__item--yellow"">Orages: vigilance jaune </li></ul>",2023-07-08 16:00:15,"8 juillet 2023","16h00"
"61","Orne",2,"<ul class=""leg""><li class=""leg__item leg__item--line leg__item--yellow"">Orages: vigilance jaune </li></ul>",2023-07-08 16:00:15,"8 juillet 2023","16h00"
"62","Pas-de-Calais",2,"<ul class=""leg""><li class=""leg__item leg__item--line leg__item--yellow"">Orages: vigilance jaune </li></ul>",2023-07-08 16:00:15,"8 juillet 2023","16h00"
"63","Puy-de-Dôme",1,"<ul class='leg'><li class='leg__item leg__item--line leg__item--green'> Pas de vigilance </li> </ul>",2023-07-08 16:00:15,"8 juillet 2023","16h00"
"64","Pyrénées-Atlantiques",1,"<ul class='leg'><li class='leg__item leg__item--line leg__item--green'> Pas de vigilance </li> </ul>",2023-07-08 16:00:15,"8 juillet 2023","16h00"
"65","Hautes-Pyrénées",1,"<ul class='leg'><li class='leg__item leg__item--line leg__item--green'> Pas de vigilance </li> </ul>",2023-07-08 16:00:15,"8 juillet 2023","16h00"
"66","Pyrénées-Orientales",1,"<ul class='leg'><li class='leg__item leg__item--line leg__item--green'> Pas de vigilance </li> </ul>",2023-07-08 16:00:15,"8 juillet 2023","16h00"
"67","Bas-Rhin",2,"<ul class=""leg""><li class=""leg__item leg__item--line leg__item--yellow"">Canicule: vigilance jaune </li></ul>",2023-07-08 16:00:15,"8 juillet 2023","16h00"
"68","Haut-Rhin",2,"<ul class=""leg""><li class=""leg__item leg__item--line leg__item--yellow"">Canicule: vigilance jaune </li></ul>",2023-07-08 16:00:15,"8 juillet 2023","16h00"
"70","Haute-Saône",1,"<ul class='leg'><li class='leg__item leg__item--line leg__item--green'> Pas de vigilance </li> </ul>",2023-07-08 16:00:15,"8 juillet 2023","16h00"
"71","Saône-et-Loire",2,"<ul class=""leg""><li class=""leg__item leg__item--line leg__item--yellow"">Canicule: vigilance jaune </li></ul>",2023-07-08 16:00:15,"8 juillet 2023","16h00"
"72","Sarthe",1,"<ul class='leg'><li class='leg__item leg__item--line leg__item--green'> Pas de vigilance </li> </ul>",2023-07-08 16:00:15,"8 juillet 2023","16h00"
"73","Savoie",1,"<ul class='leg'><li class='leg__item leg__item--line leg__item--green'> Pas de vigilance </li> </ul>",2023-07-08 16:00:15,"8 juillet 2023","16h00"
"74","Haute-Savoie",1,"<ul class='leg'><li class='leg__item leg__item--line leg__item--green'> Pas de vigilance </li> </ul>",2023-07-08 16:00:15,"8 juillet 2023","16h00"
"69","Rhône",2,"<ul class=""leg""><li class=""leg__item leg__item--line leg__item--yellow"">Canicule: vigilance jaune </li></ul>",2023-07-08 16:00:15,"8 juillet 2023","16h00"
"03","Allier",1,"<ul class='leg'><li class='leg__item leg__item--line leg__item--green'> Pas de vigilance </li> </ul>",2023-07-08 16:00:15,"8 juillet 2023","16h00"
"04","Alpes-de-Haute-Provence",1,"<ul class='leg'><li class='leg__item leg__item--line leg__item--green'> Pas de vigilance </li> </ul>",2023-07-08 16:00:15,"8 juillet 2023","16h00"
"05","Hautes-Alpes",1,"<ul class='leg'><li class='leg__item leg__item--line leg__item--green'> Pas de vigilance </li> </ul>",2023-07-08 16:00:15,"8 juillet 2023","16h00"
"06","Alpes-Maritimes",2,"<ul class=""leg""><li class=""leg__item leg__item--line leg__item--yellow"">Canicule: vigilance jaune </li></ul>",2023-07-08 16:00:15,"8 juillet 2023","16h00"
"07","Ardèche",2,"<ul class=""leg""><li class=""leg__item leg__item--line leg__item--yellow"">Canicule: vigilance jaune </li></ul>",2023-07-08 16:00:15,"8 juillet 2023","16h00"
"08","Ardennes",1,"<ul class='leg'><li class='leg__item leg__item--line leg__item--green'> Pas de vigilance </li> </ul>",2023-07-08 16:00:15,"8 juillet 2023","16h00"
"09","Ariège",1,"<ul class='leg'><li class='leg__item leg__item--line leg__item--green'> Pas de vigilance </li> </ul>",2023-07-08 16:00:15,"8 juillet 2023","16h00"
"2A","Corse-du-Sud",2,"<ul class=""leg""><li class=""leg__item leg__item--line leg__item--yellow"">Canicule: vigilance jaune </li></ul>",2023-07-08 16:00:15,"8 juillet 2023","16h00"
"75","Paris",2,"<ul class=""leg""><li class=""leg__item leg__item--line leg__item--yellow"">Orages: vigilance jaune </li></ul>",2023-07-08 16:00:15,"8 juillet 2023","16h00"
"76","Seine-Maritime",2,"<ul class=""leg""><li class=""leg__item leg__item--line leg__item--yellow"">Orages: vigilance jaune </li></ul>",2023-07-08 16:00:15,"8 juillet 2023","16h00"
"77","Seine-et-Marne",2,"<ul class=""leg""><li class=""leg__item leg__item--line leg__item--yellow"">Orages: vigilance jaune </li></ul>",2023-07-08 16:00:15,"8 juillet 2023","16h00"
"78","Yvelines",2,"<ul class=""leg""><li class=""leg__item leg__item--line leg__item--yellow"">Orages: vigilance jaune </li></ul>",2023-07-08 16:00:15,"8 juillet 2023","16h00"
"79","Deux-Sèvres",1,"<ul class='leg'><li class='leg__item leg__item--line leg__item--green'> Pas de vigilance </li> </ul>",2023-07-08 16:00:15,"8 juillet 2023","16h00"
"80","Somme",2,"<ul class=""leg""><li class=""leg__item leg__item--line leg__item--yellow"">Orages: vigilance jaune </li></ul>",2023-07-08 16:00:15,"8 juillet 2023","16h00"
"81","Tarn",1,"<ul class='leg'><li class='leg__item leg__item--line leg__item--green'> Pas de vigilance </li> </ul>",2023-07-08 16:00:15,"8 juillet 2023","16h00"
"82","Tarn-et-Garonne",1,"<ul class='leg'><li class='leg__item leg__item--line leg__item--green'> Pas de vigilance </li> </ul>",2023-07-08 16:00:15,"8 juillet 2023","16h00"
"83","Var",2,"<ul class=""leg""><li class=""leg__item leg__item--line leg__item--yellow"">Canicule: vigilance jaune </li></ul>",2023-07-08 16:00:15,"8 juillet 2023","16h00"
"84","Vaucluse",2,"<ul class=""leg""><li class=""leg__item leg__item--line leg__item--yellow"">Canicule: vigilance jaune </li></ul>",2023-07-08 16:00:15,"8 juillet 2023","16h00"
"85","Vendée",1,"<ul class='leg'><li class='leg__item leg__item--line leg__item--green'> Pas de vigilance </li> </ul>",2023-07-08 16:00:15,"8 juillet 2023","16h00"
"86","Vienne",1,"<ul class='leg'><li class='leg__item leg__item--line leg__item--green'> Pas de vigilance </li> </ul>",2023-07-08 16:00:15,"8 juillet 2023","16h00"
"87","Haute-Vienne",1,"<ul class='leg'><li class='leg__item leg__item--line leg__item--green'> Pas de vigilance </li> </ul>",2023-07-08 16:00:15,"8 juillet 2023","16h00"
"88","Vosges",1,"<ul class='leg'><li class='leg__item leg__item--line leg__item--green'> Pas de vigilance </li> </ul>",2023-07-08 16:00:15,"8 juillet 2023","16h00"
"89","Yonne",1,"<ul class='leg'><li class='leg__item leg__item--line leg__item--green'> Pas de vigilance </li> </ul>",2023-07-08 16:00:15,"8 juillet 2023","16h00"
"90","Territoire de Belfort",1,"<ul class='leg'><li class='leg__item leg__item--line leg__item--green'> Pas de vigilance </li> </ul>",2023-07-08 16:00:15,"8 juillet 2023","16h00"
"91","Essonne",2,"<ul class=""leg""><li class=""leg__item leg__item--line leg__item--yellow"">Orages: vigilance jaune </li></ul>",2023-07-08 16:00:15,"8 juillet 2023","16h00"
"2B","Haute-Corse",2,"<ul class=""leg""><li class=""leg__item leg__item--line leg__item--yellow"">Canicule: vigilance jaune </li></ul>",2023-07-08 16:00:15,"8 juillet 2023","16h00"
"92","Hauts-de-Seine",2,"<ul class=""leg""><li class=""leg__item leg__item--line leg__item--yellow"">Orages: vigilance jaune </li></ul>",2023-07-08 16:00:15,"8 juillet 2023","16h00"
"93","Seine-Saint-Denis",2,"<ul class=""leg""><li class=""leg__item leg__item--line leg__item--yellow"">Orages: vigilance jaune </li></ul>",2023-07-08 16:00:15,"8 juillet 2023","16h00"
"94","Val-de-Marne",2,"<ul class=""leg""><li class=""leg__item leg__item--line leg__item--yellow"">Orages: vigilance jaune </li></ul>",2023-07-08 16:00:15,"8 juillet 2023","16h00"
"95","Val-d'Oise",2,"<ul class=""leg""><li class=""leg__item leg__item--line leg__item--yellow"">Orages: vigilance jaune </li></ul>",2023-07-08 16:00:15,"8 juillet 2023","16h00"
"01","Ain",2,"<ul class=""leg""><li class=""leg__item leg__item--line leg__item--yellow"">Canicule: vigilance jaune </li></ul>",2023-07-08 16:00:15,"8 juillet 2023","16h00"
"02","Aisne",2,"<ul class=""leg""><li class=""leg__item leg__item--line leg__item--yellow"">Orages: vigilance jaune </li></ul>",2023-07-08 16:00:15,"8 juillet 2023","16h00"
