Nom de domaine;Pays BE;Departement BE;Ville BE;Nom BE;Sous domaine;Type du titulaire;Pays titulaire;Departement titulaire;Domaine IDN;Date de création;Année;Date de retrait du WHOIS
telecom.gouv.fr;FR;49;ANGERS;NAMESHIELD;gouv.fr;ORG;FR;75;0;08/02/1996;1996;
justice.gouv.fr;FR;49;ANGERS;NAMESHIELD;gouv.fr;ORG;FR;75;0;16/04/1996;1996;
premier-ministre.gouv.fr;FR;75;PARIS;GANDI;gouv.fr;ORG;FR;75;0;04/06/1996;1996;
admifrance.gouv.fr;FR;49;ANGERS;NAMESHIELD;gouv.fr;ORG;FR;75;0;21/06/1996;1996;
finances.gouv.fr;FR;49;ANGERS;NAMESHIELD;gouv.fr;ORG;FR;75;0;06/08/1996;1996;
jeunesse-sports.gouv.fr;FR;49;ANGERS;NAMESHIELD;gouv.fr;ORG;FR;75;0;27/08/1996;1996;
tourisme.gouv.fr;FR;49;ANGERS;NAMESHIELD;gouv.fr;ORG;FR;75;0;16/09/1996;1996;
ladocfrancaise.gouv.fr;FR;49;ANGERS;NAMESHIELD;gouv.fr;ORG;FR;75;0;24/09/1996;1996;
agriculture.gouv.fr;FR;49;ANGERS;NAMESHIELD;gouv.fr;ORG;FR;75;0;30/10/1996;1996;
cerfa.gouv.fr;FR;49;ANGERS;NAMESHIELD;gouv.fr;ORG;FR;75;0;03/12/1996;1996;
outre-mer.gouv.fr;FR;13;MARSEILLE CEDEX 03;SAFEBRANDS;gouv.fr;ORG;FR;75;0;14/01/1997;1997;
equipement.gouv.fr;FR;49;ANGERS;NAMESHIELD;gouv.fr;ORG;FR;75;0;22/01/1997;1997;
industrie.gouv.fr;FR;49;ANGERS;NAMESHIELD;gouv.fr;ORG;FR;75;0;22/01/1997;1997;
pme-commerce-artisanat.gouv.fr;FR;49;ANGERS;NAMESHIELD;gouv.fr;ORG;FR;75;0;22/01/1997;1997;
fonction-publique.gouv.fr;FR;75;PARIS;ORDIPAT;gouv.fr;ORG;FR;75;0;29/01/1997;1997;
education.gouv.fr;FR;59;VILLENEUVE D'ASCQ;AVENIR TELEMATIQUE;gouv.fr;ORG;FR;75;0;31/01/1997;1997;
recherche.gouv.fr;FR;59;VILLENEUVE D'ASCQ;AVENIR TELEMATIQUE;gouv.fr;ORG;FR;75;0;31/01/1997;1997;
cooperation.gouv.fr;FR;92;CLICHY-LA-GARENNE;OXYD SARL;gouv.fr;ORG;FR;75;0;12/03/1997;1997;
datar.gouv.fr;FR;92;BOULOGNE-BILLANCOURT;INTEGRA;gouv.fr;ORG;FR;75;0;17/03/1997;1997;
interieur.gouv.fr;FR;13;MARSEILLE CEDEX 03;SAFEBRANDS;gouv.fr;ORG;FR;75;0;17/06/1997;1997;
journal-officiel.gouv.fr;FR;49;ANGERS;NAMESHIELD;gouv.fr;ORG;FR;75;0;15/07/1997;1997;
sante.gouv.fr;FR;49;ANGERS;NAMESHIELD;gouv.fr;ORG;FR;75;0;30/07/1997;1997;
travail.gouv.fr;FR;49;ANGERS;NAMESHIELD;gouv.fr;ORG;FR;75;0;01/12/1997;1997;
defense.gouv.fr;FR;75;PARIS;Société Française du Radiotéléphone - SFR;gouv.fr;ORG;FR;94;0;19/12/1997;1997;
legifrance.gouv.fr;FR;49;ANGERS;NAMESHIELD;gouv.fr;ORG;FR;75;0;29/01/1998;1998;
commerce-exterieur.gouv.fr;FR;75;PARIS 15;ORANGE;gouv.fr;ORG;FR;75;0;20/03/1998;1998;03/11/2018
culture.gouv.fr;FR;75;PARIS;GANDI;gouv.fr;ORG;FR;75;0;02/04/1998;1998;
internet.gouv.fr;FR;75;PARIS;GANDI;gouv.fr;ORG;FR;75;0;18/05/1998;1998;
diplomatie.gouv.fr;FR;75;PARIS;GANDI;gouv.fr;ORG;FR;75;0;09/07/1998;1998;
pm.gouv.fr;FR;75;PARIS;GANDI;gouv.fr;ORG;FR;75;0;10/07/1998;1998;
urgence2000.gouv.fr;FR;49;ANGERS;NAMESHIELD;gouv.fr;ORG;FR;75;0;22/07/1998;1998;
an2000.gouv.fr;DK;99;COPENHAGUE S;Ascio Technologies Inc. Danmark - filial af Ascio Technologies Inc. USA;gouv.fr;ORG;FR;75;0;25/11/1998;1998;08/11/2018
inao.gouv.fr;FR;75;PARIS 15;ORANGE;gouv.fr;ORG;FR;93;0;02/07/1999;1999;
firs.gouv.fr;DE;99;REGENSBURG;InterNetX GmbH;gouv.fr;ORG;FR;75;0;06/07/1999;1999;
mer.gouv.fr;FR;49;ANGERS;NAMESHIELD;gouv.fr;ORG;FR;75;0;07/07/1999;1999;
espace.gouv.fr;FR;59;VILLENEUVE D'ASCQ;AVENIR TELEMATIQUE;gouv.fr;ORG;FR;75;0;16/07/1999;1999;
technologie.gouv.fr;FR;59;VILLENEUVE D'ASCQ;AVENIR TELEMATIQUE;gouv.fr;ORG;FR;75;0;22/07/1999;1999;31/12/2018
drogues.gouv.fr;FR;75;PARIS;GANDI;gouv.fr;ORG;FR;75;0;17/11/1999;1999;
cooperation-internationale.gouv.fr;FR;75;PARIS 15;ORANGE;gouv.fr;ORG;FR;75;0;25/11/1999;1999;
hcci.gouv.fr;FR;75;PARIS 15;ORANGE;gouv.fr;ORG;FR;75;0;25/11/1999;1999;
pref.gouv.fr;FR;13;MARSEILLE CEDEX 03;SAFEBRANDS;gouv.fr;ORG;FR;75;0;21/12/1999;1999;
francetresor.gouv.fr;FR;75;PARIS 15;ORANGE;gouv.fr;ORG;FR;75;0;13/01/2000;2000;18/03/2016
drire.gouv.fr;FR;75;PARIS;GIP RENATER;gouv.fr;ORG;FR;75;0;27/01/2000;2000;
droitsdesjeunes.gouv.fr;FR;75;PARIS;CLARANET SAS;gouv.fr;ORG;FR;78;0;25/02/2000;2000;
allo119.gouv.fr;FR;59;ROUBAIX;OVH;gouv.fr;ORG;FR;75;0;02/03/2000;2000;
service-public.gouv.fr;FR;92;BOULOGNE BILLANCOURT;PROSODIE;gouv.fr;ORG;FR;75;0;03/03/2000;2000;23/06/2016
asn.gouv.fr;FR;33;BORDEAUX;NP6 SOLUTIONS SAS;gouv.fr;ORG;FR;75;0;24/03/2000;2000;
effet-de-serre.gouv.fr;DE;99;REGENSBURG;InterNetX GmbH;gouv.fr;ORG;FR;75;0;16/06/2000;2000;
civi.gouv.fr;FR;75;PARIS;ONLINE SAS;gouv.fr;ORG;FR;75;0;21/06/2000;2000;23/07/2016
famille-enfance.gouv.fr;FR;49;ANGERS;NAMESHIELD;gouv.fr;ORG;FR;75;0;22/06/2000;2000;
iroise-parcnational.gouv.fr;FR;75;PARIS;GANDI;gouv.fr;ORG;FR;29;0;28/07/2000;2000;30/03/2017
economie-solidaire.gouv.fr;FR;92;LA DEFENSE CEDEX;COMPLETEL SAS FRANCE;gouv.fr;ORG;FR;75;0;01/08/2000;2000;05/01/2018
observatoire-parite.gouv.fr;FR;49;ANGERS;NAMESHIELD;gouv.fr;ORG;FR;75;0;02/08/2000;2000;
fonds-cmu.gouv.fr;FR;75;PARIS 15;ORANGE;gouv.fr;ORG;FR;75;0;12/09/2000;2000;
vitamine.gouv.fr;FR;92;BOULOGNE BILLANCOURT;PROSODIE;gouv.fr;;;;0;24/10/2000;2000;26/05/2014
vitamin.gouv.fr;FR;92;BOULOGNE BILLANCOURT;PROSODIE;gouv.fr;;;;0;24/10/2000;2000;26/05/2014
metiers.gouv.fr;FR;59;SECLIN CEDEX;WORLDLINE;gouv.fr;ORG;FR;75;0;10/11/2000;2000;23/05/2016
enseignement-professionnel.gouv.fr;FR;59;VILLENEUVE D'ASCQ;AVENIR TELEMATIQUE;gouv.fr;ORG;FR;75;0;17/11/2000;2000;
logiciels-libres.gouv.fr;FR;92;BOULOGNE BILLANCOURT;PROSODIE;gouv.fr;ORG;FR;75;0;28/11/2000;2000;05/08/2016
maia.gouv.fr;FR;75;PARIS;IP TWINS SAS;gouv.fr;ORG;FR;75;0;28/11/2000;2000;27/11/2017
teleprocedures.gouv.fr;FR;92;BOULOGNE BILLANCOURT;PROSODIE;gouv.fr;ORG;FR;75;0;28/11/2000;2000;05/08/2016
ssi.gouv.fr;FR;75;PARIS;GANDI;gouv.fr;ORG;FR;75;0;08/12/2000;2000;
cae.gouv.fr;FR;75;PARIS;GANDI;gouv.fr;ORG;FR;75;0;18/12/2000;2000;
euro.gouv.fr;FR;49;ANGERS;NAMESHIELD;gouv.fr;ORG;FR;75;0;28/12/2000;2000;
francetech.gouv.fr;FR;49;ANGERS;NAMESHIELD;gouv.fr;ORG;FR;75;0;28/12/2000;2000;
minefi.gouv.fr;FR;49;ANGERS;NAMESHIELD;gouv.fr;ORG;FR;75;0;28/12/2000;2000;
csti.gouv.fr;FR;75;PARIS;GIP RENATER;gouv.fr;ORG;FR;75;0;23/01/2001;2001;
cnig.gouv.fr;FR;59;VILLENEUVE D'ASCQ CEDEX;NORDNET;gouv.fr;ORG;FR;75;0;24/01/2001;2001;
info-routiere.gouv.fr;FR;49;ANGERS;NAMESHIELD;gouv.fr;ORG;FR;75;0;28/03/2001;2001;
civs.gouv.fr;FR;75;PARIS;GANDI;gouv.fr;ORG;FR;75;0;11/04/2001;2001;
internet-mineurs.gouv.fr;FR;49;ANGERS;NAMESHIELD;gouv.fr;ORG;FR;75;0;22/06/2001;2001;
protection-enfance.gouv.fr;FR;49;ANGERS;NAMESHIELD;gouv.fr;ORG;FR;75;0;22/06/2001;2001;
protection-mineurs.gouv.fr;FR;49;ANGERS;NAMESHIELD;gouv.fr;ORG;FR;75;0;22/06/2001;2001;
servicesenligne.gouv.fr;FR;92;BOULOGNE BILLANCOURT;PROSODIE;gouv.fr;ORG;FR;75;0;23/07/2001;2001;05/08/2016
aft.gouv.fr;FR;49;ANGERS;NAMESHIELD;gouv.fr;ORG;FR;75;0;17/09/2001;2001;
aviation-civile.gouv.fr;FR;75;PARIS 15;ORANGE;gouv.fr;ORG;FR;91;0;18/09/2001;2001;
gouvernement.gouv.fr;FR;75;PARIS;GANDI;gouv.fr;ORG;FR;75;0;21/09/2001;2001;
premierministre.gouv.fr;FR;75;PARIS;GANDI;gouv.fr;ORG;FR;75;0;21/09/2001;2001;
ira-metz.gouv.fr;FR;59;ROUBAIX;OVH;gouv.fr;ORG;FR;57;0;01/10/2001;2001;
anlci.gouv.fr;FR;75;PARIS;INFOCLIP;gouv.fr;ORG;FR;69;0;08/10/2001;2001;
ofpra.gouv.fr;FR;49;ANGERS;NAMESHIELD;gouv.fr;ORG;FR;94;0;17/10/2001;2001;
oncfs.gouv.fr;FR;92;LA DEFENSE CEDEX;COMPLETEL SAS FRANCE;gouv.fr;ORG;FR;75;0;26/10/2001;2001;
fiscal.gouv.fr;FR;75;PARIS 15;ORANGE;gouv.fr;ORG;FR;93;0;29/11/2001;2001;
fiscalite.gouv.fr;FR;75;PARIS 15;ORANGE;gouv.fr;ORG;FR;93;0;29/11/2001;2001;
fisc.gouv.fr;FR;75;PARIS 15;ORANGE;gouv.fr;ORG;FR;93;0;29/11/2001;2001;
impot.gouv.fr;FR;75;PARIS 15;ORANGE;gouv.fr;ORG;FR;93;0;29/11/2001;2001;
droits-femmes.gouv.fr;FR;49;ANGERS;NAMESHIELD;gouv.fr;ORG;FR;75;0;02/01/2002;2002;
drogue.gouv.fr;FR;75;PARIS;GANDI;gouv.fr;ORG;FR;75;0;15/01/2002;2002;
santesport.gouv.fr;FR;49;ANGERS;NAMESHIELD;gouv.fr;ORG;FR;75;0;15/01/2002;2002;
apa.gouv.fr;FR;92;LA DEFENSE CEDEX;COMPLETEL SAS FRANCE;gouv.fr;ORG;FR;75;0;16/01/2002;2002;15/12/2017
emploisjeunes.gouv.fr;FR;92;BOULOGNE BILLANCOURT;PROSODIE;gouv.fr;ORG;FR;75;0;05/02/2002;2002;18/12/2014
ddm.gouv.fr;FR;75;PARIS;GANDI;gouv.fr;ORG;FR;75;0;11/02/2002;2002;
cerc.gouv.fr;DE;99;REGENSBURG;InterNetX GmbH;gouv.fr;ORG;FR;75;0;13/02/2002;2002;
df.gouv.fr;FR;49;ANGERS;NAMESHIELD;gouv.fr;ORG;FR;75;0;04/03/2002;2002;
cira.gouv.fr;FR;72;SAINT SATURNIN;DIGITAL RURAL INFORMATIQUE;gouv.fr;ORG;FR;93;0;15/03/2002;2002;09/03/2019
anah.gouv.fr;FR;49;ANGERS;NAMESHIELD;gouv.fr;ORG;FR;75;0;13/05/2002;2002;
dif.gouv.fr;FR;92;LA DEFENSE CEDEX;COMPLETEL SAS FRANCE;gouv.fr;ORG;FR;75;0;12/06/2002;2002;23/06/2018
frr.gouv.fr;FR;49;ANGERS;NAMESHIELD;gouv.fr;ORG;FR;75;0;07/08/2002;2002;
deel.gouv.fr;DE;99;REGENSBURG;InterNetX GmbH;gouv.fr;ORG;FR;75;0;30/08/2002;2002;
dei.gouv.fr;DE;99;REGENSBURG;InterNetX GmbH;gouv.fr;ORG;FR;75;0;30/08/2002;2002;
famille.gouv.fr;FR;49;ANGERS;NAMESHIELD;gouv.fr;ORG;FR;75;0;18/09/2002;2002;
handicap.gouv.fr;FR;49;ANGERS;NAMESHIELD;gouv.fr;ORG;FR;75;0;18/09/2002;2002;
parite.gouv.fr;FR;92;LA DEFENSE CEDEX;COMPLETEL SAS FRANCE;gouv.fr;ORG;FR;75;0;19/09/2002;2002;07/01/2018
liberteslocales.gouv.fr;FR;13;MARSEILLE CEDEX 03;SAFEBRANDS;gouv.fr;ORG;FR;75;0;02/10/2002;2002;
evaluation.gouv.fr;FR;75;PARIS;GANDI;gouv.fr;ORG;FR;75;0;03/10/2002;2002;
premar-manche.gouv.fr;FR;72;SAINT SATURNIN;DIGITAL RURAL INFORMATIQUE;gouv.fr;ORG;FR;50;0;03/10/2002;2002;
pers-agees.gouv.fr;FR;49;ANGERS;NAMESHIELD;gouv.fr;ORG;FR;75;0;04/10/2002;2002;
precarite.gouv.fr;FR;49;ANGERS;NAMESHIELD;gouv.fr;ORG;FR;75;0;25/10/2002;2002;
jeunesse-sport.gouv.fr;FR;49;ANGERS;NAMESHIELD;gouv.fr;ORG;FR;75;0;28/10/2002;2002;
sport.gouv.fr;FR;49;ANGERS;NAMESHIELD;gouv.fr;ORG;FR;75;0;28/10/2002;2002;
sports.gouv.fr;FR;49;ANGERS;NAMESHIELD;gouv.fr;ORG;FR;75;0;28/10/2002;2002;
pme.gouv.fr;FR;49;ANGERS;NAMESHIELD;gouv.fr;ORG;FR;75;0;07/11/2002;2002;
info.gouv.fr;FR;75;PARIS;GANDI;gouv.fr;ORG;FR;75;0;20/11/2002;2002;
debat-energie.gouv.fr;FR;75;PARIS 15;ORANGE;gouv.fr;ORG;FR;75;0;21/11/2002;2002;14/12/2014
europe.gouv.fr;FR;75;PARIS;GANDI;gouv.fr;ORG;FR;75;0;06/12/2002;2002;
retraite.gouv.fr;FR;49;ANGERS;NAMESHIELD;gouv.fr;ORG;FR;75;0;06/12/2002;2002;
retraites.gouv.fr;FR;49;ANGERS;NAMESHIELD;gouv.fr;ORG;FR;75;0;06/12/2002;2002;
premar-atlantique.gouv.fr;FR;72;SAINT SATURNIN;DIGITAL RURAL INFORMATIQUE;gouv.fr;ORG;FR;29;0;09/12/2002;2002;
cncp.gouv.fr;FR;49;ANGERS;NAMESHIELD;gouv.fr;ORG;FR;75;0;08/01/2003;2003;
expo-universelle.gouv.fr;FR;49;ANGERS;NAMESHIELD;gouv.fr;ORG;FR;75;0;17/01/2003;2003;
nouvelle-caledonie.gouv.fr;FR;13;MARSEILLE CEDEX 03;SAFEBRANDS;gouv.fr;ORG;FR;75;0;27/01/2003;2003;
cca.gouv.fr;FR;49;ANGERS;NAMESHIELD;gouv.fr;ORG;FR;75;0;07/02/2003;2003;
cetu.gouv.fr;FR;75;PARIS 15;ORANGE;gouv.fr;ORG;FR;69;0;20/02/2003;2003;
douane.gouv.fr;FR;93;MONTREUIL SOUS BOIS CEDEX;CTS COMPUTERS AND TELECOMMUNICATIONS SYSTEMS MAGIC ON LINE;gouv.fr;ORG;FR;93;0;17/03/2003;2003;
pacage.gouv.fr;FR;59;SECLIN CEDEX;WORLDLINE;gouv.fr;ORG;FR;75;0;17/03/2003;2003;
solidarite.gouv.fr;FR;49;ANGERS;NAMESHIELD;gouv.fr;ORG;FR;75;0;15/05/2003;2003;
securiteroutiere.gouv.fr;FR;13;MARSEILLE CEDEX 03;SAFEBRANDS;gouv.fr;ORG;FR;75;0;23/05/2003;2003;
debatenergies.gouv.fr;FR;75;PARIS 15;ORANGE;gouv.fr;ORG;FR;75;0;30/05/2003;2003;14/12/2014
douanes.gouv.fr;FR;93;MONTREUIL SOUS BOIS CEDEX;CTS COMPUTERS AND TELECOMMUNICATIONS SYSTEMS MAGIC ON LINE;gouv.fr;ORG;FR;93;0;04/06/2003;2003;
haut-debit.gouv.fr;FR;49;ANGERS;NAMESHIELD;gouv.fr;ORG;FR;75;0;11/07/2003;2003;
hautdebit.gouv.fr;DE;99;REGENSBURG;InterNetX GmbH;gouv.fr;ORG;FR;93;0;11/07/2003;2003;
forum.gouv.fr;FR;75;PARIS;GANDI;gouv.fr;ORG;FR;75;0;29/07/2003;2003;
forums.gouv.fr;FR;75;PARIS;GANDI;gouv.fr;ORG;FR;75;0;29/07/2003;2003;
maia31.gouv.fr;FR;75;PARIS;AMEN / Agence des Médias Numériques;gouv.fr;ORG;FR;31;0;19/09/2003;2003;27/01/2018
amendes.gouv.fr;FR;59;SECLIN CEDEX;WORLDLINE;gouv.fr;ORG;FR;75;0;13/10/2003;2003;
decentralisation.gouv.fr;FR;13;MARSEILLE CEDEX 03;SAFEBRANDS;gouv.fr;ORG;FR;75;0;17/10/2003;2003;
ira-lyon.gouv.fr;FR;75;PARIS;DOMAINOO;gouv.fr;ORG;FR;69;0;17/10/2003;2003;
ogm.gouv.fr;FR;59;VILLENEUVE D'ASCQ;AVENIR TELEMATIQUE;gouv.fr;ORG;FR;75;0;18/11/2003;2003;
agora.gouv.fr;FR;75;PARIS;GANDI;gouv.fr;ORG;FR;75;0;28/11/2003;2003;
ira-lille.gouv.fr;FR;92;CLICHY-LA-GARENNE;OXYD SARL;gouv.fr;ORG;FR;59;0;05/01/2004;2004;
miviludes.gouv.fr;FR;75;PARIS;GANDI;gouv.fr;ORG;FR;75;0;14/01/2004;2004;
science.gouv.fr;FR;75;PARIS;GANDI;gouv.fr;ORG;FR;75;0;05/02/2004;2004;
sciences.gouv.fr;FR;75;PARIS;GANDI;gouv.fr;ORG;FR;75;0;05/02/2004;2004;
securite-routiere.gouv.fr;FR;13;MARSEILLE CEDEX 03;SAFEBRANDS;gouv.fr;ORG;FR;75;0;18/02/2004;2004;
igacem.gouv.fr;FR;75;PARIS 15;ORANGE;gouv.fr;ORG;FR;75;0;19/03/2004;2004;
assurance-maladie.gouv.fr;FR;92;LA DEFENSE CEDEX;COMPLETEL SAS FRANCE;gouv.fr;ORG;FR;75;0;27/04/2004;2004;23/06/2018
personnes-agees.gouv.fr;FR;49;ANGERS;NAMESHIELD;gouv.fr;ORG;FR;75;0;27/04/2004;2004;
sante-famille-handicap.gouv.fr;FR;92;LA DEFENSE CEDEX;COMPLETEL SAS FRANCE;gouv.fr;ORG;FR;75;0;27/04/2004;2004;07/01/2018
logement.gouv.fr;FR;49;ANGERS;NAMESHIELD;gouv.fr;ORG;FR;92;0;10/05/2004;2004;
courrier.gouv.fr;FR;92;BOULOGNE BILLANCOURT;PROSODIE;gouv.fr;ORG;FR;75;0;01/06/2004;2004;05/08/2016
cohesionsociale.gouv.fr;FR;49;ANGERS;NAMESHIELD;gouv.fr;ORG;FR;75;0;15/06/2004;2004;
cheminsdememoire.gouv.fr;FR;59;ROUBAIX;OVH;gouv.fr;ORG;FR;75;0;16/06/2004;2004;
lourdes.gouv.fr;FR;59;ROUBAIX;OVH;gouv.fr;ORG;FR;65;0;30/07/2004;2004;29/03/2017
cnml.gouv.fr;FR;49;ANGERS;NAMESHIELD;gouv.fr;ORG;FR;75;0;04/08/2004;2004;
annuaire.gouv.fr;FR;75;PARIS;IP TWINS SAS;gouv.fr;ORG;FR;75;0;13/09/2004;2004;23/09/2016
ecole.gouv.fr;FR;59;VILLENEUVE D'ASCQ;AVENIR TELEMATIQUE;gouv.fr;ORG;FR;75;0;20/09/2004;2004;
territoires.gouv.fr;FR;92;BOULOGNE-BILLANCOURT;INTEGRA;gouv.fr;ORG;FR;75;0;24/09/2004;2004;
oned.gouv.fr;FR;59;ROUBAIX;OVH;gouv.fr;ORG;FR;75;0;01/10/2004;2004;
marchespublics.gouv.fr;FR;92;BOULOGNE BILLANCOURT;PROSODIE;gouv.fr;ORG;FR;75;0;09/11/2004;2004;05/08/2016
victime.gouv.fr;FR;49;ANGERS;NAMESHIELD;gouv.fr;ORG;FR;75;0;09/11/2004;2004;
victimes.gouv.fr;FR;49;ANGERS;NAMESHIELD;gouv.fr;ORG;FR;75;0;09/11/2004;2004;
reforme-assurance-maladie.gouv.fr;FR;92;LA DEFENSE CEDEX;COMPLETEL SAS FRANCE;gouv.fr;ORG;FR;75;0;10/11/2004;2004;07/01/2018
sportsdenature.gouv.fr;FR;26;BOURG LES VALENCE;W3LINE;gouv.fr;ORG;FR;7;0;21/12/2004;2004;
competitivite.gouv.fr;FR;92;BOULOGNE-BILLANCOURT;INTEGRA;gouv.fr;ORG;FR;75;0;05/01/2005;2005;
polesdecompetitivite.gouv.fr;FR;59;ROUBAIX;OVH;gouv.fr;ORG;FR;75;0;05/01/2005;2005;04/09/2017
admisource.gouv.fr;FR;92;BOULOGNE BILLANCOURT;PROSODIE;gouv.fr;ORG;FR;75;0;06/01/2005;2005;26/05/2014
association.gouv.fr;FR;49;ANGERS;NAMESHIELD;gouv.fr;ORG;FR;75;0;11/01/2005;2005;
associations.gouv.fr;FR;49;ANGERS;NAMESHIELD;gouv.fr;ORG;FR;75;0;11/01/2005;2005;
ca.gouv.fr;FR;75;PARIS;GANDI;gouv.fr;ORG;FR;35;0;14/01/2005;2005;
femmesegalite.gouv.fr;FR;49;ANGERS;NAMESHIELD;gouv.fr;ORG;FR;75;0;26/01/2005;2005;
metiersdugrandage.gouv.fr;FR;92;LA DEFENSE CEDEX;COMPLETEL SAS FRANCE;gouv.fr;ORG;FR;75;0;31/01/2005;2005;06/01/2018
femmes.gouv.fr;FR;49;ANGERS;NAMESHIELD;gouv.fr;ORG;FR;75;0;01/02/2005;2005;
personnesagees.gouv.fr;FR;92;LA DEFENSE CEDEX;COMPLETEL SAS FRANCE;gouv.fr;ORG;FR;75;0;01/02/2005;2005;07/01/2018
integration.gouv.fr;FR;49;ANGERS;NAMESHIELD;gouv.fr;ORG;FR;75;0;11/02/2005;2005;
femmes-egalite.gouv.fr;FR;49;ANGERS;NAMESHIELD;gouv.fr;ORG;FR;75;0;17/02/2005;2005;
bmpm.gouv.fr;FR;75;PARIS;GANDI;gouv.fr;ORG;FR;13;0;11/03/2005;2005;
assises-tourisme.gouv.fr;DE;99;REGENSBURG;InterNetX GmbH;gouv.fr;ORG;FR;75;0;11/04/2005;2005;
qualite-tourisme.gouv.fr;FR;49;ANGERS;NAMESHIELD;gouv.fr;ORG;FR;75;0;11/04/2005;2005;
ira-nantes.gouv.fr;FR;92;LA DEFENSE CEDEX;COMPLETEL SAS FRANCE;gouv.fr;ORG;FR;44;0;19/04/2005;2005;
adresse.gouv.fr;FR;92;BOULOGNE BILLANCOURT;PROSODIE;gouv.fr;;;;0;25/04/2005;2005;26/05/2014
changementadresse.gouv.fr;FR;92;BOULOGNE BILLANCOURT;PROSODIE;gouv.fr;;;;0;29/04/2005;2005;26/05/2014
projetsdeurope.gouv.fr;FR;92;BOULOGNE-BILLANCOURT;INTEGRA;gouv.fr;ORG;FR;75;0;20/05/2005;2005;
08victimes.gouv.fr;FR;49;ANGERS;NAMESHIELD;gouv.fr;ORG;FR;75;0;31/05/2005;2005;
aquitaine.gouv.fr;FR;75;PARIS;GANDI;gouv.fr;ORG;FR;33;0;16/06/2005;2005;14/08/2018
premar-mediterranee.gouv.fr;FR;72;SAINT SATURNIN;DIGITAL RURAL INFORMATIQUE;gouv.fr;ORG;FR;83;0;17/06/2005;2005;
sytadin.gouv.fr;FR;49;ANGERS;NAMESHIELD;gouv.fr;ORG;FR;75;0;17/06/2005;2005;
apprentissage.gouv.fr;FR;49;ANGERS;NAMESHIELD;gouv.fr;ORG;FR;75;0;23/06/2005;2005;
cnfptlv.gouv.fr;FR;49;ANGERS;NAMESHIELD;gouv.fr;ORG;FR;75;0;12/07/2005;2005;
actes-etat-civil.gouv.fr;FR;92;BOULOGNE BILLANCOURT;PROSODIE;gouv.fr;ORG;FR;75;0;29/07/2005;2005;26/05/2014
cvq.gouv.fr;FR;92;BOULOGNE BILLANCOURT;PROSODIE;gouv.fr;ORG;FR;75;0;29/07/2005;2005;26/05/2014
etat-civil.gouv.fr;FR;92;BOULOGNE BILLANCOURT;PROSODIE;gouv.fr;ORG;FR;75;0;29/07/2005;2005;17/07/2016
social.gouv.fr;FR;49;ANGERS;NAMESHIELD;gouv.fr;ORG;FR;75;0;23/08/2005;2005;
rdvstrategie-tourisme.gouv.fr;DE;99;REGENSBURG;InterNetX GmbH;gouv.fr;ORG;FR;75;0;07/09/2005;2005;
sgae.gouv.fr;FR;49;ANGERS;NAMESHIELD;gouv.fr;ORG;FR;75;0;15/09/2005;2005;
acte-naissance.gouv.fr;FR;92;BOULOGNE BILLANCOURT;PROSODIE;gouv.fr;ORG;FR;75;0;26/09/2005;2005;26/05/2014
hci.gouv.fr;FR;75;PARIS;GANDI;gouv.fr;ORG;FR;75;0;26/09/2005;2005;
porte-parole.gouv.fr;FR;75;PARIS;GANDI;gouv.fr;ORG;FR;75;0;26/09/2005;2005;
porteparole.gouv.fr;FR;75;PARIS;GANDI;gouv.fr;ORG;FR;75;0;26/09/2005;2005;
rapatries.gouv.fr;FR;75;PARIS;GANDI;gouv.fr;ORG;FR;75;0;26/09/2005;2005;
cis.gouv.fr;FR;59;ROUBAIX;OVH;gouv.fr;ORG;FR;33;0;27/09/2005;2005;20/03/2015
mariage.gouv.fr;FR;49;ANGERS;NAMESHIELD;gouv.fr;ORG;FR;75;0;10/10/2005;2005;
arh-fc.gouv.fr;FR;75;PARIS;AMEN / Agence des Médias Numériques;gouv.fr;ORG;FR;25;0;08/11/2005;2005;
grippe-aviaire.gouv.fr;FR;75;PARIS;GANDI;gouv.fr;ORG;FR;75;0;15/11/2005;2005;
grippeaviaire.gouv.fr;FR;75;PARIS;GANDI;gouv.fr;ORG;FR;75;0;15/11/2005;2005;
risque.gouv.fr;FR;75;PARIS;GANDI;gouv.fr;ORG;FR;75;0;15/11/2005;2005;
risques.gouv.fr;FR;75;PARIS;GANDI;gouv.fr;ORG;FR;75;0;15/11/2005;2005;
parc-marin-iroise.gouv.fr;FR;75;PARIS;GANDI;gouv.fr;ORG;FR;29;0;23/11/2005;2005;30/03/2017
cohesion-sociale.gouv.fr;FR;49;ANGERS;NAMESHIELD;gouv.fr;ORG;FR;75;0;07/12/2005;2005;
diact.gouv.fr;FR;92;BOULOGNE-BILLANCOURT;INTEGRA;gouv.fr;ORG;FR;75;0;28/12/2005;2005;
servicesalapersonne.gouv.fr;FR;49;ANGERS;NAMESHIELD;gouv.fr;ORG;FR;75;0;04/01/2006;2006;
performance-publique.gouv.fr;FR;49;ANGERS;NAMESHIELD;gouv.fr;ORG;FR;75;0;11/01/2006;2006;
exporter.gouv.fr;FR;49;ANGERS;NAMESHIELD;gouv.fr;ORG;FR;75;0;23/01/2006;2006;
alerte-enlevement.gouv.fr;FR;49;ANGERS;NAMESHIELD;gouv.fr;ORG;FR;75;0;17/02/2006;2006;
strategie.gouv.fr;FR;75;PARIS;GANDI;gouv.fr;ORG;FR;75;0;22/02/2006;2006;
cas.gouv.fr;FR;75;PARIS;GANDI;gouv.fr;ORG;FR;75;0;27/02/2006;2006;
egalitedeschances.gouv.fr;FR;72;SAINT SATURNIN;DIGITAL RURAL INFORMATIQUE;gouv.fr;ORG;FR;75;0;27/02/2006;2006;
intelligence-economique.gouv.fr;FR;75;PARIS;GANDI;gouv.fr;ORG;FR;75;0;27/02/2006;2006;
enim.gouv.fr;FR;75;PARIS 15;ORANGE;gouv.fr;ORG;FR;75;0;07/04/2006;2006;
etudiante.gouv.fr;FR;59;VILLENEUVE D'ASCQ;AVENIR TELEMATIQUE;gouv.fr;ORG;FR;75;0;07/04/2006;2006;19/11/2018
etudiantes.gouv.fr;FR;59;VILLENEUVE D'ASCQ;AVENIR TELEMATIQUE;gouv.fr;ORG;FR;75;0;07/04/2006;2006;19/11/2018
etudiant.gouv.fr;FR;59;VILLENEUVE D'ASCQ;AVENIR TELEMATIQUE;gouv.fr;ORG;FR;75;0;07/04/2006;2006;
etudiants.gouv.fr;FR;59;VILLENEUVE D'ASCQ;AVENIR TELEMATIQUE;gouv.fr;ORG;FR;75;0;07/04/2006;2006;
adele.gouv.fr;FR;92;LA DEFENSE CEDEX;COMPLETEL SAS FRANCE;gouv.fr;ORG;FR;75;0;19/04/2006;2006;
veloroutes-voiesvertes.gouv.fr;DE;99;REGENSBURG;InterNetX GmbH;gouv.fr;ORG;FR;75;0;21/04/2006;2006;
bison-fute.gouv.fr;FR;49;ANGERS;NAMESHIELD;gouv.fr;ORG;FR;75;0;24/04/2006;2006;
leportailetudiant.gouv.fr;FR;59;VILLENEUVE D'ASCQ;AVENIR TELEMATIQUE;gouv.fr;ORG;FR;75;0;24/04/2006;2006;
changement-adresse.gouv.fr;FR;92;LA DEFENSE CEDEX;COMPLETEL SAS FRANCE;gouv.fr;ORG;FR;75;0;28/04/2006;2006;
modernisation.gouv.fr;FR;49;ANGERS;NAMESHIELD;gouv.fr;ORG;FR;75;0;19/05/2006;2006;
student.gouv.fr;FR;59;VILLENEUVE D'ASCQ;AVENIR TELEMATIQUE;gouv.fr;ORG;FR;75;0;19/05/2006;2006;31/12/2018
students.gouv.fr;FR;59;VILLENEUVE D'ASCQ;AVENIR TELEMATIQUE;gouv.fr;ORG;FR;75;0;19/05/2006;2006;31/12/2018
emploi-tourisme.gouv.fr;DE;99;REGENSBURG;InterNetX GmbH;gouv.fr;ORG;FR;75;0;29/05/2006;2006;
sgmer.gouv.fr;FR;75;PARIS;GANDI;gouv.fr;ORG;FR;75;0;09/06/2006;2006;
observatoire-pesticides.gouv.fr;FR;75;PARIS;GANDI;gouv.fr;ORG;FR;94;0;27/06/2006;2006;04/07/2018
rhone-alpes.gouv.fr;FR;75;PARIS;GANDI;gouv.fr;ORG;FR;69;0;21/07/2006;2006;10/02/2016
hclpd.gouv.fr;FR;49;ANGERS;NAMESHIELD;gouv.fr;ORG;FR;75;0;22/08/2006;2006;
servicealapersonne.gouv.fr;FR;49;ANGERS;NAMESHIELD;gouv.fr;ORG;FR;75;0;11/09/2006;2006;
vae.gouv.fr;FR;49;ANGERS;NAMESHIELD;gouv.fr;ORG;FR;75;0;11/09/2006;2006;
budget2007.gouv.fr;FR;92;BOULOGNE BILLANCOURT;PROSODIE;gouv.fr;ORG;FR;75;0;19/09/2006;2006;18/12/2014
santesolidarites.gouv.fr;FR;49;ANGERS;NAMESHIELD;gouv.fr;ORG;FR;75;0;29/09/2006;2006;
maisoncohesionsociale.gouv.fr;FR;92;LA DEFENSE CEDEX;COMPLETEL SAS FRANCE;gouv.fr;ORG;FR;75;0;06/10/2006;2006;06/01/2018
emploidesseniors.gouv.fr;FR;49;ANGERS;NAMESHIELD;gouv.fr;ORG;FR;75;0;19/10/2006;2006;
adae.gouv.fr;FR;92;LA DEFENSE CEDEX;COMPLETEL SAS FRANCE;gouv.fr;ORG;FR;75;0;25/10/2006;2006;
prix-carburants.gouv.fr;FR;49;ANGERS;NAMESHIELD;gouv.fr;ORG;FR;75;0;31/10/2006;2006;
prixcarburants.gouv.fr;FR;49;ANGERS;NAMESHIELD;gouv.fr;ORG;FR;75;0;31/10/2006;2006;
roulezeco.gouv.fr;FR;49;ANGERS;NAMESHIELD;gouv.fr;ORG;FR;75;0;31/10/2006;2006;
tabac.gouv.fr;FR;75;PARIS;GANDI;gouv.fr;ORG;FR;75;0;05/12/2006;2006;
agriculture-equipement.gouv.fr;FR;49;ANGERS;NAMESHIELD;gouv.fr;ORG;FR;75;0;12/12/2006;2006;
equipement-agriculture.gouv.fr;FR;49;ANGERS;NAMESHIELD;gouv.fr;ORG;FR;75;0;12/12/2006;2006;
csn.gouv.fr;FR;49;ANGERS;NAMESHIELD;gouv.fr;ORG;FR;75;0;13/12/2006;2006;
cadastre.gouv.fr;FR;75;PARIS 15;ORANGE;gouv.fr;ORG;FR;93;0;23/01/2007;2007;
maisonsdelemploi.gouv.fr;FR;49;ANGERS;NAMESHIELD;gouv.fr;ORG;FR;75;0;24/01/2007;2007;
handiguide.gouv.fr;FR;49;ANGERS;NAMESHIELD;gouv.fr;ORG;FR;75;0;08/02/2007;2007;
jeunesse.gouv.fr;FR;49;ANGERS;NAMESHIELD;gouv.fr;ORG;FR;75;0;15/02/2007;2007;
communication-tourisme.gouv.fr;DE;99;REGENSBURG;InterNetX GmbH;gouv.fr;ORG;FR;75;0;20/02/2007;2007;
sit.gouv.fr;FR;92;LA DEFENSE CEDEX;COMPLETEL SAS FRANCE;gouv.fr;ORG;FR;75;0;23/02/2007;2007;
sante-solidarites.gouv.fr;FR;49;ANGERS;NAMESHIELD;gouv.fr;ORG;FR;75;0;28/02/2007;2007;
sante-travail.gouv.fr;FR;49;ANGERS;NAMESHIELD;gouv.fr;ORG;FR;75;0;19/04/2007;2007;
toponymie.gouv.fr;FR;59;VILLENEUVE D'ASCQ CEDEX;NORDNET;gouv.fr;ORG;FR;75;0;03/05/2007;2007;26/07/2015
igas.gouv.fr;FR;49;ANGERS;NAMESHIELD;gouv.fr;ORG;FR;75;0;14/05/2007;2007;
pays-de-la-loire.gouv.fr;FR;13;MARSEILLE CEDEX 03;SAFEBRANDS;gouv.fr;ORG;FR;75;0;14/05/2007;2007;
sgdn.gouv.fr;FR;75;PARIS;GANDI;gouv.fr;ORG;FR;75;0;25/05/2007;2007;
apie.gouv.fr;FR;49;ANGERS;NAMESHIELD;gouv.fr;ORG;FR;75;0;01/06/2007;2007;
cte.gouv.fr;FR;75;PARIS;GIP RENATER;gouv.fr;ORG;FR;75;0;04/06/2007;2007;
3939.gouv.fr;FR;49;ANGERS;NAMESHIELD;gouv.fr;ORG;FR;75;0;04/06/2007;2007;
jeveuxconstruire.gouv.fr;FR;49;ANGERS;NAMESHIELD;gouv.fr;ORG;FR;75;0;07/06/2007;2007;
medad.gouv.fr;FR;49;ANGERS;NAMESHIELD;gouv.fr;ORG;FR;75;0;07/06/2007;2007;
enseignementsup-recherche.gouv.fr;FR;59;VILLENEUVE D'ASCQ;AVENIR TELEMATIQUE;gouv.fr;ORG;FR;75;0;08/06/2007;2007;
logement-ville.gouv.fr;FR;49;ANGERS;NAMESHIELD;gouv.fr;ORG;FR;75;0;12/06/2007;2007;
administration-durable.gouv.fr;FR;75;PARIS;GANDI;gouv.fr;ORG;FR;75;0;18/06/2007;2007;
iminidco.gouv.fr;FR;13;MARSEILLE CEDEX 03;SAFEBRANDS;gouv.fr;ORG;FR;75;0;19/06/2007;2007;
nouvelleuniversite.gouv.fr;FR;59;VILLENEUVE D'ASCQ;AVENIR TELEMATIQUE;gouv.fr;ORG;FR;75;0;20/06/2007;2007;31/12/2018
sec-info.gouv.fr;FR;75;PARIS;GANDI;gouv.fr;ORG;FR;75;0;25/06/2007;2007;
secinfo.gouv.fr;FR;75;PARIS;GANDI;gouv.fr;ORG;FR;75;0;25/06/2007;2007;
securite-informatique.gouv.fr;FR;75;PARIS;GANDI;gouv.fr;ORG;FR;75;0;25/06/2007;2007;
minefe.gouv.fr;FR;49;ANGERS;NAMESHIELD;gouv.fr;ORG;FR;75;0;29/06/2007;2007;
referentiels-generaux.gouv.fr;FR;92;LA DEFENSE CEDEX;COMPLETEL SAS FRANCE;gouv.fr;ORG;FR;75;0;29/06/2007;2007;
budget.gouv.fr;FR;49;ANGERS;NAMESHIELD;gouv.fr;ORG;FR;75;0;05/07/2007;2007;
comptes-publics.gouv.fr;FR;49;ANGERS;NAMESHIELD;gouv.fr;ORG;FR;75;0;06/07/2007;2007;
entreprises.gouv.fr;FR;49;ANGERS;NAMESHIELD;gouv.fr;ORG;FR;75;0;06/07/2007;2007;
travailsolidarite.gouv.fr;FR;49;ANGERS;NAMESHIELD;gouv.fr;ORG;FR;75;0;09/07/2007;2007;
travail-solidarite.gouv.fr;FR;49;ANGERS;NAMESHIELD;gouv.fr;ORG;FR;75;0;10/07/2007;2007;
rgpp.gouv.fr;FR;92;BOULOGNE BILLANCOURT;PROSODIE;gouv.fr;ORG;FR;75;0;17/07/2007;2007;05/08/2016
dmp.gouv.fr;FR;59;SECLIN CEDEX;WORLDLINE;gouv.fr;ORG;FR;75;0;23/07/2007;2007;
memoiresante.gouv.fr;FR;92;LA DEFENSE CEDEX;COMPLETEL SAS FRANCE;gouv.fr;ORG;FR;75;0;23/07/2007;2007;06/01/2018
sante-jeunesse-sports.gouv.fr;FR;49;ANGERS;NAMESHIELD;gouv.fr;ORG;FR;75;0;23/07/2007;2007;
immigration.gouv.fr;FR;13;MARSEILLE CEDEX 03;SAFEBRANDS;gouv.fr;ORG;FR;75;0;31/07/2007;2007;
codeveloppement.gouv.fr;FR;75;PARIS;GANDI;gouv.fr;ORG;FR;75;0;03/08/2007;2007;
identitenationale.gouv.fr;FR;75;PARIS;GANDI;gouv.fr;ORG;FR;75;0;03/08/2007;2007;
clcf.gouv.fr;FR;75;PARIS;GANDI;gouv.fr;ORG;FR;75;0;20/08/2007;2007;
livreblancdefenseetsecurite.gouv.fr;FR;75;PARIS;GANDI;gouv.fr;ORG;FR;75;0;21/08/2007;2007;
sgcipd.gouv.fr;FR;13;MARSEILLE CEDEX 03;SAFEBRANDS;gouv.fr;ORG;FR;75;0;28/08/2007;2007;
fse.gouv.fr;FR;49;ANGERS;NAMESHIELD;gouv.fr;ORG;FR;75;0;03/09/2007;2007;
prudhommes.gouv.fr;FR;49;ANGERS;NAMESHIELD;gouv.fr;ORG;FR;75;0;19/09/2007;2007;
lbdsn.gouv.fr;FR;75;PARIS;GANDI;gouv.fr;ORG;FR;75;0;24/09/2007;2007;
nouveaupermisdeconstruire.gouv.fr;FR;49;ANGERS;NAMESHIELD;gouv.fr;ORG;FR;75;0;24/09/2007;2007;
volontariat.gouv.fr;FR;49;ANGERS;NAMESHIELD;gouv.fr;ORG;FR;75;0;17/10/2007;2007;
cndd.gouv.fr;FR;75;PARIS;GANDI;gouv.fr;ORG;FR;75;0;19/10/2007;2007;
inclusion.gouv.fr;FR;75;PARIS;GANDI;gouv.fr;ORG;FR;75;0;19/10/2007;2007;
plan-alzheimer.gouv.fr;FR;49;ANGERS;NAMESHIELD;gouv.fr;ORG;FR;75;0;19/10/2007;2007;
ultramarins.gouv.fr;FR;75;PARIS;GANDI;gouv.fr;ORG;FR;75;0;30/10/2007;2007;
cnle.gouv.fr;FR;49;ANGERS;NAMESHIELD;gouv.fr;ORG;FR;75;0;08/11/2007;2007;
solidaritesactives.gouv.fr;FR;49;ANGERS;NAMESHIELD;gouv.fr;ORG;FR;75;0;09/11/2007;2007;
bercy.gouv.fr;FR;49;ANGERS;NAMESHIELD;gouv.fr;ORG;FR;75;0;27/11/2007;2007;
prud2008.gouv.fr;FR;49;ANGERS;NAMESHIELD;gouv.fr;ORG;FR;75;0;30/11/2007;2007;
plainte-en-ligne.gouv.fr;FR;75;PARIS;GANDI;gouv.fr;ORG;FR;93;0;25/01/2008;2008;
giped.gouv.fr;FR;59;ROUBAIX;OVH;gouv.fr;ORG;FR;75;0;14/02/2008;2008;
livrevert-rsa.gouv.fr;FR;75;PARIS;GANDI;gouv.fr;ORG;FR;75;0;14/02/2008;2008;
administration24h24.gouv.fr;FR;49;ANGERS;NAMESHIELD;gouv.fr;ORG;FR;75;0;26/02/2008;2008;
developpement-durable.gouv.fr;FR;49;ANGERS;NAMESHIELD;gouv.fr;ORG;FR;75;0;17/03/2008;2008;
biep.gouv.fr;FR;75;PARIS;ORDIPAT;gouv.fr;ORG;FR;75;0;17/04/2008;2008;
developpementdurable.gouv.fr;FR;49;ANGERS;NAMESHIELD;gouv.fr;ORG;FR;75;0;28/04/2008;2008;
lesecransdusocial.gouv.fr;FR;49;ANGERS;NAMESHIELD;gouv.fr;ORG;FR;75;0;13/05/2008;2008;
gendarmerie.gouv.fr;FR;75;PARIS;GANDI;gouv.fr;ORG;FR;93;0;16/05/2008;2008;
territorial.gouv.fr;FR;13;MARSEILLE CEDEX 03;SAFEBRANDS;gouv.fr;ORG;FR;75;0;02/06/2008;2008;
jeune.gouv.fr;FR;49;ANGERS;NAMESHIELD;gouv.fr;ORG;FR;75;0;09/06/2008;2008;
jeunes.gouv.fr;FR;49;ANGERS;NAMESHIELD;gouv.fr;ORG;FR;75;0;09/06/2008;2008;
mesures-pouvoir-d-achat.gouv.fr;FR;75;PARIS;GANDI;gouv.fr;ORG;FR;75;0;18/06/2008;2008;
pouvoir-d-achat.gouv.fr;FR;75;PARIS;GANDI;gouv.fr;ORG;FR;75;0;18/06/2008;2008;
pouvoirdachat.gouv.fr;FR;75;PARIS;GANDI;gouv.fr;ORG;FR;75;0;18/06/2008;2008;
mesurespouvoirdachat.gouv.fr;FR;75;PARIS;GANDI;gouv.fr;ORG;FR;75;0;19/06/2008;2008;
ville.gouv.fr;FR;49;ANGERS;NAMESHIELD;gouv.fr;ORG;FR;75;0;01/07/2008;2008;
internet-signalement.gouv.fr;FR;13;MARSEILLE CEDEX 03;SAFEBRANDS;gouv.fr;ORG;FR;75;0;11/07/2008;2008;
ansp.gouv.fr;FR;13;AIX EN PROVENCE;HOSTEUR;gouv.fr;;;;0;06/08/2008;2008;14/03/2014
cnaop.gouv.fr;FR;49;ANGERS;NAMESHIELD;gouv.fr;ORG;FR;75;0;27/08/2008;2008;
pre-plainte-en-ligne.gouv.fr;FR;75;PARIS;GANDI;gouv.fr;ORG;FR;93;0;27/08/2008;2008;
direccte.gouv.fr;FR;92;LA DEFENSE CEDEX;COMPLETEL SAS FRANCE;gouv.fr;ORG;FR;75;0;15/09/2008;2008;
chlordecone-infos.gouv.fr;FR;75;PARIS;GANDI;gouv.fr;ORG;FR;94;0;17/09/2008;2008;04/07/2018
stop-violences-femmes.gouv.fr;FR;49;ANGERS;NAMESHIELD;gouv.fr;ORG;FR;75;0;29/09/2008;2008;
meeddat.gouv.fr;FR;49;ANGERS;NAMESHIELD;gouv.fr;ORG;FR;75;0;01/10/2008;2008;
marches-publics.gouv.fr;FR;49;ANGERS;NAMESHIELD;gouv.fr;ORG;FR;75;0;28/10/2008;2008;
coe.gouv.fr;FR;75;PARIS;GANDI;gouv.fr;ORG;FR;75;0;17/11/2008;2008;
sig.gouv.fr;FR;75;PARIS;GANDI;gouv.fr;ORG;FR;75;0;24/11/2008;2008;
impots.gouv.fr;FR;75;PARIS 15;ORANGE;gouv.fr;ORG;FR;93;0;10/12/2008;2008;
travailler-mieux.gouv.fr;FR;49;ANGERS;NAMESHIELD;gouv.fr;ORG;FR;75;0;10/12/2008;2008;
relance.gouv.fr;FR;75;PARIS;GANDI;gouv.fr;ORG;FR;75;0;05/01/2009;2009;
economie.gouv.fr;FR;49;ANGERS;NAMESHIELD;gouv.fr;ORG;FR;75;0;08/01/2009;2009;
ira-bastia.gouv.fr;FR;75;PARIS 15;ORANGE;gouv.fr;ORG;FR;20;0;13/01/2009;2009;
adoption.gouv.fr;FR;49;ANGERS;NAMESHIELD;gouv.fr;ORG;FR;75;0;02/02/2009;2009;
emploi.gouv.fr;FR;49;ANGERS;NAMESHIELD;gouv.fr;ORG;FR;75;0;03/02/2009;2009;
jeunesse-vie-associative.gouv.fr;FR;49;ANGERS;NAMESHIELD;gouv.fr;ORG;FR;75;0;05/02/2009;2009;
onpes.gouv.fr;FR;49;ANGERS;NAMESHIELD;gouv.fr;ORG;FR;75;0;05/02/2009;2009;
rsa.gouv.fr;FR;49;ANGERS;NAMESHIELD;gouv.fr;ORG;FR;75;0;05/02/2009;2009;
ecologie.gouv.fr;FR;49;ANGERS;NAMESHIELD;gouv.fr;ORG;FR;75;0;13/02/2009;2009;
agence-regionale-sante.gouv.fr;FR;92;LA DEFENSE CEDEX;COMPLETEL SAS FRANCE;gouv.fr;ORG;FR;75;0;17/02/2009;2009;04/01/2018
circulaires.gouv.fr;FR;49;ANGERS;NAMESHIELD;gouv.fr;ORG;FR;75;0;23/02/2009;2009;
ciccfondseuropeens.gouv.fr;FR;49;ANGERS;NAMESHIELD;gouv.fr;ORG;FR;75;0;24/02/2009;2009;
sante-sports.gouv.fr;FR;49;ANGERS;NAMESHIELD;gouv.fr;ORG;FR;75;0;24/02/2009;2009;
ars.gouv.fr;FR;49;ANGERS;NAMESHIELD;gouv.fr;ORG;FR;75;0;02/03/2009;2009;
bougezautrement.gouv.fr;FR;49;ANGERS;NAMESHIELD;gouv.fr;ORG;FR;75;0;02/03/2009;2009;
eau-france.gouv.fr;FR;49;ANGERS;NAMESHIELD;gouv.fr;ORG;FR;75;0;02/03/2009;2009;
environnement.gouv.fr;FR;49;ANGERS;NAMESHIELD;gouv.fr;ORG;FR;75;0;02/03/2009;2009;
legrenelle-environnement.gouv.fr;FR;49;ANGERS;NAMESHIELD;gouv.fr;ORG;FR;75;0;02/03/2009;2009;
legrenelle-mer.gouv.fr;FR;49;ANGERS;NAMESHIELD;gouv.fr;ORG;FR;75;0;02/03/2009;2009;
onerc.gouv.fr;FR;49;ANGERS;NAMESHIELD;gouv.fr;ORG;FR;75;0;02/03/2009;2009;
politique-eau.gouv.fr;FR;49;ANGERS;NAMESHIELD;gouv.fr;ORG;FR;75;0;02/03/2009;2009;
politique-ville.gouv.fr;FR;49;ANGERS;NAMESHIELD;gouv.fr;ORG;FR;75;0;02/03/2009;2009;
semainedudeveloppementdurable.gouv.fr;FR;49;ANGERS;NAMESHIELD;gouv.fr;ORG;FR;75;0;02/03/2009;2009;
anssi.gouv.fr;FR;75;PARIS;GANDI;gouv.fr;ORG;FR;75;0;16/03/2009;2009;
sgdsn.gouv.fr;FR;75;PARIS;GANDI;gouv.fr;ORG;FR;75;0;23/03/2009;2009;
certibercy.gouv.fr;FR;49;ANGERS;NAMESHIELD;gouv.fr;ORG;FR;75;0;23/04/2009;2009;
pandemie-grippale.gouv.fr;FR;75;PARIS;GANDI;gouv.fr;ORG;FR;75;0;30/04/2009;2009;
pandemiegrippale.gouv.fr;FR;75;PARIS;GANDI;gouv.fr;ORG;FR;75;0;30/04/2009;2009;
japprendslamer.gouv.fr;FR;49;ANGERS;NAMESHIELD;gouv.fr;ORG;FR;75;0;04/05/2009;2009;
forages-domestiques.gouv.fr;FR;49;ANGERS;NAMESHIELD;gouv.fr;ORG;FR;75;0;11/05/2009;2009;
surfez-intelligent.gouv.fr;FR;75;PARIS;GANDI;gouv.fr;ORG;FR;75;0;10/06/2009;2009;
bafa-bafd.gouv.fr;FR;59;SECLIN CEDEX;WORLDLINE;gouv.fr;ORG;FR;75;0;25/06/2009;2009;
cnphl.gouv.fr;FR;49;ANGERS;NAMESHIELD;gouv.fr;ORG;FR;75;0;08/07/2009;2009;
alimentation.gouv.fr;FR;49;ANGERS;NAMESHIELD;gouv.fr;ORG;FR;75;0;31/08/2009;2009;
conference-copenhague.gouv.fr;FR;49;ANGERS;NAMESHIELD;gouv.fr;ORG;FR;75;0;04/09/2009;2009;
ecophyto-2018.gouv.fr;FR;75;PARIS;GANDI;gouv.fr;ORG;FR;75;0;14/09/2009;2009;20/02/2017
mediateurducredit.gouv.fr;FR;49;ANGERS;NAMESHIELD;gouv.fr;ORG;FR;75;0;16/09/2009;2009;
mirate.gouv.fr;FR;49;ANGERS;NAMESHIELD;gouv.fr;ORG;FR;75;0;17/09/2009;2009;
miqcp.gouv.fr;FR;75;PARIS;PLANET-WORK;gouv.fr;ORG;FR;92;0;24/09/2009;2009;
vigicrues.gouv.fr;FR;49;ANGERS;NAMESHIELD;gouv.fr;ORG;FR;75;0;02/10/2009;2009;
cesu.gouv.fr;FR;92;LA DEFENSE CEDEX;COMPLETEL SAS FRANCE;gouv.fr;ORG;FR;75;0;05/11/2009;2009;04/01/2018
sap.gouv.fr;FR;92;LA DEFENSE CEDEX;COMPLETEL SAS FRANCE;gouv.fr;ORG;FR;75;0;05/11/2009;2009;07/01/2018
economie-numerique.gouv.fr;FR;75;PARIS;GANDI;gouv.fr;ORG;FR;75;0;20/11/2009;2009;
numerique.gouv.fr;FR;75;PARIS;GANDI;gouv.fr;ORG;FR;75;0;20/11/2009;2009;
prospective-numerique.gouv.fr;FR;75;PARIS;GANDI;gouv.fr;ORG;FR;75;0;20/11/2009;2009;
conseilculturel-upm.gouv.fr;FR;75;PARIS;GANDI;gouv.fr;ORG;FR;75;0;27/11/2009;2009;
ie.gouv.fr;FR;49;ANGERS;NAMESHIELD;gouv.fr;ORG;FR;75;0;27/11/2009;2009;
intradef.gouv.fr;FR;75;PARIS;Société Française du Radiotéléphone - SFR;gouv.fr;ORG;FR;94;0;10/12/2009;2009;
prevention-incendie.gouv.fr;FR;49;ANGERS;NAMESHIELD;gouv.fr;ORG;FR;75;0;11/12/2009;2009;
leurope-contre-la-pauvrete.gouv.fr;FR;92;LA DEFENSE CEDEX;COMPLETEL SAS FRANCE;gouv.fr;ORG;FR;75;0;18/12/2009;2009;06/01/2018
peche.gouv.fr;FR;49;ANGERS;NAMESHIELD;gouv.fr;ORG;FR;75;0;21/12/2009;2009;
service-civique.gouv.fr;FR;49;ANGERS;NAMESHIELD;gouv.fr;ORG;FR;75;0;22/12/2009;2009;
ain.gouv.fr;FR;13;MARSEILLE CEDEX 03;SAFEBRANDS;gouv.fr;ORG;FR;75;0;05/01/2010;2010;
aisne.gouv.fr;FR;13;MARSEILLE CEDEX 03;SAFEBRANDS;gouv.fr;ORG;FR;75;0;05/01/2010;2010;
allier.gouv.fr;FR;13;MARSEILLE CEDEX 03;SAFEBRANDS;gouv.fr;ORG;FR;75;0;05/01/2010;2010;
alpes-de-haute-provence.gouv.fr;FR;13;MARSEILLE CEDEX 03;SAFEBRANDS;gouv.fr;ORG;FR;75;0;05/01/2010;2010;
alpes-maritimes.gouv.fr;FR;13;MARSEILLE CEDEX 03;SAFEBRANDS;gouv.fr;ORG;FR;75;0;05/01/2010;2010;
ardeche.gouv.fr;FR;13;MARSEILLE CEDEX 03;SAFEBRANDS;gouv.fr;ORG;FR;75;0;05/01/2010;2010;
ardennes.gouv.fr;FR;13;MARSEILLE CEDEX 03;SAFEBRANDS;gouv.fr;ORG;FR;75;0;05/01/2010;2010;
ariege.gouv.fr;FR;13;MARSEILLE CEDEX 03;SAFEBRANDS;gouv.fr;ORG;FR;75;0;05/01/2010;2010;
aube.gouv.fr;FR;13;MARSEILLE CEDEX 03;SAFEBRANDS;gouv.fr;ORG;FR;75;0;05/01/2010;2010;
aude.gouv.fr;FR;13;MARSEILLE CEDEX 03;SAFEBRANDS;gouv.fr;ORG;FR;75;0;05/01/2010;2010;
aveyron.gouv.fr;FR;13;MARSEILLE CEDEX 03;SAFEBRANDS;gouv.fr;ORG;FR;75;0;05/01/2010;2010;
bas-rhin.gouv.fr;FR;13;MARSEILLE CEDEX 03;SAFEBRANDS;gouv.fr;ORG;FR;75;0;05/01/2010;2010;
bouches-du-rhone.gouv.fr;FR;13;MARSEILLE CEDEX 03;SAFEBRANDS;gouv.fr;ORG;FR;75;0;05/01/2010;2010;
calvados.gouv.fr;FR;13;MARSEILLE CEDEX 03;SAFEBRANDS;gouv.fr;ORG;FR;75;0;05/01/2010;2010;
cantal.gouv.fr;FR;13;MARSEILLE CEDEX 03;SAFEBRANDS;gouv.fr;ORG;FR;75;0;05/01/2010;2010;
charente.gouv.fr;FR;13;MARSEILLE CEDEX 03;SAFEBRANDS;gouv.fr;ORG;FR;75;0;05/01/2010;2010;
charente-maritime.gouv.fr;FR;13;MARSEILLE CEDEX 03;SAFEBRANDS;gouv.fr;ORG;FR;75;0;05/01/2010;2010;
cher.gouv.fr;FR;13;MARSEILLE CEDEX 03;SAFEBRANDS;gouv.fr;ORG;FR;75;0;05/01/2010;2010;
correze.gouv.fr;FR;13;MARSEILLE CEDEX 03;SAFEBRANDS;gouv.fr;ORG;FR;75;0;05/01/2010;2010;
cote-dor.gouv.fr;FR;13;MARSEILLE CEDEX 03;SAFEBRANDS;gouv.fr;ORG;FR;75;0;05/01/2010;2010;
cotes-darmor.gouv.fr;FR;13;MARSEILLE CEDEX 03;SAFEBRANDS;gouv.fr;ORG;FR;75;0;05/01/2010;2010;
creuse.gouv.fr;FR;13;MARSEILLE CEDEX 03;SAFEBRANDS;gouv.fr;ORG;FR;75;0;05/01/2010;2010;
deux-sevres.gouv.fr;FR;13;MARSEILLE CEDEX 03;SAFEBRANDS;gouv.fr;ORG;FR;75;0;05/01/2010;2010;
dordogne.gouv.fr;FR;13;MARSEILLE CEDEX 03;SAFEBRANDS;gouv.fr;ORG;FR;75;0;05/01/2010;2010;
haute-corse.gouv.fr;FR;13;MARSEILLE CEDEX 03;SAFEBRANDS;gouv.fr;ORG;FR;75;0;05/01/2010;2010;
hautes-alpes.gouv.fr;FR;13;MARSEILLE CEDEX 03;SAFEBRANDS;gouv.fr;ORG;FR;75;0;05/01/2010;2010;
doubs.gouv.fr;FR;13;MARSEILLE CEDEX 03;SAFEBRANDS;gouv.fr;ORG;FR;75;0;06/01/2010;2010;
drjscs.gouv.fr;FR;49;ANGERS;NAMESHIELD;gouv.fr;ORG;FR;75;0;06/01/2010;2010;
drome.gouv.fr;FR;13;MARSEILLE CEDEX 03;SAFEBRANDS;gouv.fr;ORG;FR;75;0;06/01/2010;2010;
essonne.gouv.fr;FR;13;MARSEILLE CEDEX 03;SAFEBRANDS;gouv.fr;ORG;FR;75;0;06/01/2010;2010;
eure-et-loir.gouv.fr;FR;13;MARSEILLE CEDEX 03;SAFEBRANDS;gouv.fr;ORG;FR;75;0;06/01/2010;2010;
eure.gouv.fr;FR;13;MARSEILLE CEDEX 03;SAFEBRANDS;gouv.fr;ORG;FR;75;0;06/01/2010;2010;
finistere.gouv.fr;FR;13;MARSEILLE CEDEX 03;SAFEBRANDS;gouv.fr;ORG;FR;75;0;06/01/2010;2010;
gard.gouv.fr;FR;13;MARSEILLE CEDEX 03;SAFEBRANDS;gouv.fr;ORG;FR;75;0;06/01/2010;2010;
gers.gouv.fr;FR;13;MARSEILLE CEDEX 03;SAFEBRANDS;gouv.fr;ORG;FR;75;0;06/01/2010;2010;
gironde.gouv.fr;FR;13;MARSEILLE CEDEX 03;SAFEBRANDS;gouv.fr;ORG;FR;75;0;06/01/2010;2010;
haute-garonne.gouv.fr;FR;13;MARSEILLE CEDEX 03;SAFEBRANDS;gouv.fr;ORG;FR;75;0;06/01/2010;2010;
haute-loire.gouv.fr;FR;13;MARSEILLE CEDEX 03;SAFEBRANDS;gouv.fr;ORG;FR;75;0;06/01/2010;2010;
haute-marne.gouv.fr;FR;13;MARSEILLE CEDEX 03;SAFEBRANDS;gouv.fr;ORG;FR;75;0;06/01/2010;2010;
haute-saone.gouv.fr;FR;13;MARSEILLE CEDEX 03;SAFEBRANDS;gouv.fr;ORG;FR;75;0;06/01/2010;2010;
haute-savoie.gouv.fr;FR;13;MARSEILLE CEDEX 03;SAFEBRANDS;gouv.fr;ORG;FR;75;0;06/01/2010;2010;
hautes-pyrenees.gouv.fr;FR;13;MARSEILLE CEDEX 03;SAFEBRANDS;gouv.fr;ORG;FR;75;0;06/01/2010;2010;
haute-vienne.gouv.fr;FR;13;MARSEILLE CEDEX 03;SAFEBRANDS;gouv.fr;ORG;FR;75;0;06/01/2010;2010;
haut-rhin.gouv.fr;FR;13;MARSEILLE CEDEX 03;SAFEBRANDS;gouv.fr;ORG;FR;75;0;06/01/2010;2010;
hauts-de-seine.gouv.fr;FR;13;MARSEILLE CEDEX 03;SAFEBRANDS;gouv.fr;ORG;FR;75;0;06/01/2010;2010;
herault.gouv.fr;FR;13;MARSEILLE CEDEX 03;SAFEBRANDS;gouv.fr;ORG;FR;75;0;06/01/2010;2010;
ille-et-vilaine.gouv.fr;FR;13;MARSEILLE CEDEX 03;SAFEBRANDS;gouv.fr;ORG;FR;75;0;06/01/2010;2010;
indre-et-loire.gouv.fr;FR;13;MARSEILLE CEDEX 03;SAFEBRANDS;gouv.fr;ORG;FR;75;0;06/01/2010;2010;
indre.gouv.fr;FR;13;MARSEILLE CEDEX 03;SAFEBRANDS;gouv.fr;ORG;FR;75;0;06/01/2010;2010;
isere.gouv.fr;FR;13;MARSEILLE CEDEX 03;SAFEBRANDS;gouv.fr;ORG;FR;75;0;06/01/2010;2010;
jura.gouv.fr;FR;13;MARSEILLE CEDEX 03;SAFEBRANDS;gouv.fr;ORG;FR;75;0;06/01/2010;2010;
landes.gouv.fr;FR;13;MARSEILLE CEDEX 03;SAFEBRANDS;gouv.fr;ORG;FR;75;0;06/01/2010;2010;
loire-atlantique.gouv.fr;FR;13;MARSEILLE CEDEX 03;SAFEBRANDS;gouv.fr;ORG;FR;75;0;06/01/2010;2010;
loire.gouv.fr;FR;13;MARSEILLE CEDEX 03;SAFEBRANDS;gouv.fr;ORG;FR;75;0;06/01/2010;2010;
loir-et-cher.gouv.fr;FR;13;MARSEILLE CEDEX 03;SAFEBRANDS;gouv.fr;ORG;FR;75;0;06/01/2010;2010;
loiret.gouv.fr;FR;13;MARSEILLE CEDEX 03;SAFEBRANDS;gouv.fr;ORG;FR;75;0;06/01/2010;2010;
lot-et-garonne.gouv.fr;FR;13;MARSEILLE CEDEX 03;SAFEBRANDS;gouv.fr;ORG;FR;75;0;06/01/2010;2010;
lot.gouv.fr;FR;13;MARSEILLE CEDEX 03;SAFEBRANDS;gouv.fr;ORG;FR;75;0;06/01/2010;2010;
lozere.gouv.fr;FR;13;MARSEILLE CEDEX 03;SAFEBRANDS;gouv.fr;ORG;FR;75;0;06/01/2010;2010;
maine-et-loire.gouv.fr;FR;13;MARSEILLE CEDEX 03;SAFEBRANDS;gouv.fr;ORG;FR;75;0;06/01/2010;2010;
manche.gouv.fr;FR;13;MARSEILLE CEDEX 03;SAFEBRANDS;gouv.fr;ORG;FR;75;0;06/01/2010;2010;
marne.gouv.fr;FR;13;MARSEILLE CEDEX 03;SAFEBRANDS;gouv.fr;ORG;FR;75;0;06/01/2010;2010;
mayenne.gouv.fr;FR;13;MARSEILLE CEDEX 03;SAFEBRANDS;gouv.fr;ORG;FR;75;0;06/01/2010;2010;
meurthe-et-moselle.gouv.fr;FR;13;MARSEILLE CEDEX 03;SAFEBRANDS;gouv.fr;ORG;FR;75;0;06/01/2010;2010;
meuse.gouv.fr;FR;13;MARSEILLE CEDEX 03;SAFEBRANDS;gouv.fr;ORG;FR;75;0;06/01/2010;2010;
morbihan.gouv.fr;FR;13;MARSEILLE CEDEX 03;SAFEBRANDS;gouv.fr;ORG;FR;75;0;06/01/2010;2010;
moselle.gouv.fr;FR;13;MARSEILLE CEDEX 03;SAFEBRANDS;gouv.fr;ORG;FR;75;0;06/01/2010;2010;
nievre.gouv.fr;FR;13;MARSEILLE CEDEX 03;SAFEBRANDS;gouv.fr;ORG;FR;75;0;06/01/2010;2010;
nord.gouv.fr;FR;13;MARSEILLE CEDEX 03;SAFEBRANDS;gouv.fr;ORG;FR;75;0;06/01/2010;2010;
oise.gouv.fr;FR;13;MARSEILLE CEDEX 03;SAFEBRANDS;gouv.fr;ORG;FR;75;0;06/01/2010;2010;
orne.gouv.fr;FR;13;MARSEILLE CEDEX 03;SAFEBRANDS;gouv.fr;ORG;FR;75;0;06/01/2010;2010;
paris.gouv.fr;FR;13;MARSEILLE CEDEX 03;SAFEBRANDS;gouv.fr;ORG;FR;75;0;06/01/2010;2010;
pas-de-calais.gouv.fr;FR;13;MARSEILLE CEDEX 03;SAFEBRANDS;gouv.fr;ORG;FR;75;0;06/01/2010;2010;
permis-de-conduire.gouv.fr;US;99;WILMINGTON;CSC CORPORATE DOMAINS INC.;gouv.fr;ORG;FR;92;0;06/01/2010;2010;
permisdeconduire.gouv.fr;US;99;WILMINGTON;CSC CORPORATE DOMAINS INC.;gouv.fr;ORG;FR;92;0;06/01/2010;2010;
puy-de-dome.gouv.fr;FR;13;MARSEILLE CEDEX 03;SAFEBRANDS;gouv.fr;ORG;FR;75;0;06/01/2010;2010;
pyrenees-atlantiques.gouv.fr;FR;13;MARSEILLE CEDEX 03;SAFEBRANDS;gouv.fr;ORG;FR;75;0;06/01/2010;2010;
pyrenees-orientales.gouv.fr;FR;13;MARSEILLE CEDEX 03;SAFEBRANDS;gouv.fr;ORG;FR;75;0;06/01/2010;2010;
rhone.gouv.fr;FR;13;MARSEILLE CEDEX 03;SAFEBRANDS;gouv.fr;ORG;FR;75;0;06/01/2010;2010;
saone.gouv.fr;FR;13;MARSEILLE CEDEX 03;SAFEBRANDS;gouv.fr;ORG;FR;75;0;06/01/2010;2010;
sarthe.gouv.fr;FR;13;MARSEILLE CEDEX 03;SAFEBRANDS;gouv.fr;ORG;FR;75;0;06/01/2010;2010;
savoie.gouv.fr;FR;13;MARSEILLE CEDEX 03;SAFEBRANDS;gouv.fr;ORG;FR;75;0;06/01/2010;2010;
seine-et-marne.gouv.fr;FR;13;MARSEILLE CEDEX 03;SAFEBRANDS;gouv.fr;ORG;FR;75;0;06/01/2010;2010;
seine-maritime.gouv.fr;FR;13;MARSEILLE CEDEX 03;SAFEBRANDS;gouv.fr;ORG;FR;75;0;06/01/2010;2010;
seine-saint-denis.gouv.fr;FR;13;MARSEILLE CEDEX 03;SAFEBRANDS;gouv.fr;ORG;FR;75;0;06/01/2010;2010;
somme.gouv.fr;FR;13;MARSEILLE CEDEX 03;SAFEBRANDS;gouv.fr;ORG;FR;75;0;06/01/2010;2010;
tarn-et-garonne.gouv.fr;FR;13;MARSEILLE CEDEX 03;SAFEBRANDS;gouv.fr;ORG;FR;75;0;06/01/2010;2010;
tarn.gouv.fr;FR;13;MARSEILLE CEDEX 03;SAFEBRANDS;gouv.fr;ORG;FR;75;0;06/01/2010;2010;
val-de-marne.gouv.fr;FR;13;MARSEILLE CEDEX 03;SAFEBRANDS;gouv.fr;ORG;FR;75;0;06/01/2010;2010;
val-doise.gouv.fr;FR;13;MARSEILLE CEDEX 03;SAFEBRANDS;gouv.fr;ORG;FR;75;0;06/01/2010;2010;
var.gouv.fr;FR;13;MARSEILLE CEDEX 03;SAFEBRANDS;gouv.fr;ORG;FR;75;0;06/01/2010;2010;
vaucluse.gouv.fr;FR;13;MARSEILLE CEDEX 03;SAFEBRANDS;gouv.fr;ORG;FR;75;0;06/01/2010;2010;
vendee.gouv.fr;FR;13;MARSEILLE CEDEX 03;SAFEBRANDS;gouv.fr;ORG;FR;75;0;06/01/2010;2010;
vienne.gouv.fr;FR;13;MARSEILLE CEDEX 03;SAFEBRANDS;gouv.fr;ORG;FR;75;0;06/01/2010;2010;
vosges.gouv.fr;FR;13;MARSEILLE CEDEX 03;SAFEBRANDS;gouv.fr;ORG;FR;75;0;06/01/2010;2010;
yonne.gouv.fr;FR;13;MARSEILLE CEDEX 03;SAFEBRANDS;gouv.fr;ORG;FR;75;0;06/01/2010;2010;
yvelines.gouv.fr;FR;13;MARSEILLE CEDEX 03;SAFEBRANDS;gouv.fr;ORG;FR;75;0;06/01/2010;2010;
dila.gouv.fr;FR;49;ANGERS;NAMESHIELD;gouv.fr;ORG;FR;75;0;08/01/2010;2010;
immigration-professionnelle.gouv.fr;FR;6;NICE;DOMAINE.FR;gouv.fr;ORG;FR;75;0;19/01/2010;2010;21/02/2018
esante.gouv.fr;US;99;WILMINGTON;CSC CORPORATE DOMAINS INC.;gouv.fr;ORG;FR;75;0;08/02/2010;2010;
anc.gouv.fr;FR;49;ANGERS;NAMESHIELD;gouv.fr;ORG;FR;75;0;22/02/2010;2010;
contrat-alternance.gouv.fr;FR;49;ANGERS;NAMESHIELD;gouv.fr;ORG;FR;69;0;01/03/2010;2010;
contrats-alternance.gouv.fr;FR;49;ANGERS;NAMESHIELD;gouv.fr;ORG;FR;69;0;01/03/2010;2010;
territoire-de-belfort.gouv.fr;FR;13;MARSEILLE CEDEX 03;SAFEBRANDS;gouv.fr;ORG;FR;75;0;05/03/2010;2010;
corse-du-sud.gouv.fr;FR;13;MARSEILLE CEDEX 03;SAFEBRANDS;gouv.fr;ORG;FR;75;0;18/03/2010;2010;
saone-et-loire.gouv.fr;FR;13;MARSEILLE CEDEX 03;SAFEBRANDS;gouv.fr;ORG;FR;75;0;18/03/2010;2010;
ants.gouv.fr;FR;93;ST OUEN;AGARIK SAS;gouv.fr;ORG;FR;75;0;23/03/2010;2010;
videos.gouv.fr;FR;75;PARIS;GANDI;gouv.fr;ORG;FR;75;0;25/03/2010;2010;
dgtresor.gouv.fr;FR;59;ROUBAIX;OVH;gouv.fr;ORG;FR;75;0;06/04/2010;2010;
radiofrequences.gouv.fr;FR;49;ANGERS;NAMESHIELD;gouv.fr;ORG;FR;75;0;23/04/2010;2010;
jardiner-autrement.gouv.fr;FR;49;ANGERS;NAMESHIELD;gouv.fr;ORG;FR;75;0;30/04/2010;2010;
jardinezautrement.gouv.fr;FR;49;ANGERS;NAMESHIELD;gouv.fr;ORG;FR;75;0;30/04/2010;2010;
observatoire-des-territoires.gouv.fr;FR;92;BOULOGNE-BILLANCOURT;INTEGRA;gouv.fr;ORG;FR;75;0;01/06/2010;2010;
carte-musique.gouv.fr;FR;75;PARIS;GANDI;gouv.fr;ORG;FR;75;0;02/06/2010;2010;
jeunesse-solidarites-actives.gouv.fr;FR;49;ANGERS;NAMESHIELD;gouv.fr;ORG;FR;75;0;07/06/2010;2010;
europe-en-france.gouv.fr;FR;75;PARIS;GANDI;gouv.fr;ORG;FR;75;0;10/06/2010;2010;
conduire-un-deux-roues.gouv.fr;US;99;WILMINGTON;CSC CORPORATE DOMAINS INC.;gouv.fr;ORG;FR;92;0;11/06/2010;2010;
immigration-integration.gouv.fr;FR;75;PARIS 15;ORANGE;gouv.fr;ORG;FR;75;0;09/07/2010;2010;
plan-cancer.gouv.fr;FR;49;ANGERS;NAMESHIELD;gouv.fr;ORG;FR;75;0;30/07/2010;2010;
cofgc.gouv.fr;FR;75;PARIS;GANDI;gouv.fr;ORG;FR;75;0;31/08/2010;2010;
reseaux-et-canalisations.gouv.fr;FR;49;ANGERS;NAMESHIELD;gouv.fr;ORG;FR;33;0;21/10/2010;2010;
alsace.gouv.fr;FR;13;MARSEILLE CEDEX 03;SAFEBRANDS;gouv.fr;ORG;FR;75;0;12/11/2010;2010;
auvergne.gouv.fr;FR;13;MARSEILLE CEDEX 03;SAFEBRANDS;gouv.fr;ORG;FR;75;0;12/11/2010;2010;
basse-normandie.gouv.fr;FR;13;MARSEILLE CEDEX 03;SAFEBRANDS;gouv.fr;ORG;FR;75;0;12/11/2010;2010;
bourgogne.gouv.fr;FR;13;MARSEILLE CEDEX 03;SAFEBRANDS;gouv.fr;ORG;FR;75;0;12/11/2010;2010;
bretagne.gouv.fr;FR;13;MARSEILLE CEDEX 03;SAFEBRANDS;gouv.fr;ORG;FR;75;0;12/11/2010;2010;
centre.gouv.fr;FR;13;MARSEILLE CEDEX 03;SAFEBRANDS;gouv.fr;ORG;FR;75;0;12/11/2010;2010;
champagne-ardenne.gouv.fr;FR;13;MARSEILLE CEDEX 03;SAFEBRANDS;gouv.fr;ORG;FR;75;0;12/11/2010;2010;
franche-comte.gouv.fr;FR;13;MARSEILLE CEDEX 03;SAFEBRANDS;gouv.fr;ORG;FR;75;0;12/11/2010;2010;
haute-normandie.gouv.fr;FR;13;MARSEILLE CEDEX 03;SAFEBRANDS;gouv.fr;ORG;FR;75;0;12/11/2010;2010;
ile-de-france.gouv.fr;FR;13;MARSEILLE CEDEX 03;SAFEBRANDS;gouv.fr;ORG;FR;75;0;12/11/2010;2010;
languedoc-roussillon.gouv.fr;FR;13;MARSEILLE CEDEX 03;SAFEBRANDS;gouv.fr;ORG;FR;75;0;12/11/2010;2010;
la-reunion.gouv.fr;FR;13;MARSEILLE CEDEX 03;SAFEBRANDS;gouv.fr;ORG;FR;75;0;12/11/2010;2010;
limousin.gouv.fr;FR;13;MARSEILLE CEDEX 03;SAFEBRANDS;gouv.fr;ORG;FR;75;0;12/11/2010;2010;
lorraine.gouv.fr;FR;13;MARSEILLE CEDEX 03;SAFEBRANDS;gouv.fr;ORG;FR;75;0;12/11/2010;2010;
midi-pyrenees.gouv.fr;FR;13;MARSEILLE CEDEX 03;SAFEBRANDS;gouv.fr;ORG;FR;75;0;12/11/2010;2010;
nord-pas-de-calais.gouv.fr;FR;13;MARSEILLE CEDEX 03;SAFEBRANDS;gouv.fr;ORG;FR;75;0;12/11/2010;2010;
paca.gouv.fr;FR;13;MARSEILLE CEDEX 03;SAFEBRANDS;gouv.fr;ORG;FR;75;0;12/11/2010;2010;
paris-idf.gouv.fr;FR;13;MARSEILLE CEDEX 03;SAFEBRANDS;gouv.fr;ORG;FR;75;0;12/11/2010;2010;
picardie.gouv.fr;FR;13;MARSEILLE CEDEX 03;SAFEBRANDS;gouv.fr;ORG;FR;75;0;12/11/2010;2010;
poitou-charentes.gouv.fr;FR;13;MARSEILLE CEDEX 03;SAFEBRANDS;gouv.fr;ORG;FR;75;0;12/11/2010;2010;
cab-emploi.gouv.fr;FR;92;LA DEFENSE CEDEX;COMPLETEL SAS FRANCE;gouv.fr;ORG;FR;75;0;30/11/2010;2010;04/01/2018
travail-emploi-sante.gouv.fr;FR;49;ANGERS;NAMESHIELD;gouv.fr;ORG;FR;75;0;06/12/2010;2010;
travail-sante.gouv.fr;FR;49;ANGERS;NAMESHIELD;gouv.fr;ORG;FR;75;0;10/12/2010;2010;
cab-ville.gouv.fr;FR;92;LA DEFENSE CEDEX;COMPLETEL SAS FRANCE;gouv.fr;ORG;FR;75;0;15/12/2010;2010;04/01/2018
dieccte.gouv.fr;FR;49;ANGERS;NAMESHIELD;gouv.fr;ORG;FR;75;0;15/12/2010;2010;
pret-a-taux-zero-plus.gouv.fr;FR;49;ANGERS;NAMESHIELD;gouv.fr;ORG;FR;33;0;28/12/2010;2010;
ptz-plus.gouv.fr;FR;49;ANGERS;NAMESHIELD;gouv.fr;ORG;FR;33;0;28/12/2010;2010;
agrasc.gouv.fr;FR;49;ANGERS;NAMESHIELD;gouv.fr;ORG;FR;75;0;06/01/2011;2011;
formation.gouv.fr;FR;49;ANGERS;NAMESHIELD;gouv.fr;ORG;FR;75;0;12/01/2011;2011;
ecoquartier2011.gouv.fr;FR;49;ANGERS;NAMESHIELD;gouv.fr;ORG;FR;33;0;13/01/2011;2011;
reate.gouv.fr;FR;49;ANGERS;NAMESHIELD;gouv.fr;ORG;FR;33;0;18/01/2011;2011;
dependance.gouv.fr;FR;49;ANGERS;NAMESHIELD;gouv.fr;ORG;FR;75;0;20/01/2011;2011;
data.gouv.fr;FR;59;ROUBAIX;OVH;gouv.fr;ORG;FR;75;0;23/02/2011;2011;
etalab.gouv.fr;FR;59;ROUBAIX;OVH;gouv.fr;ORG;FR;75;0;23/02/2011;2011;
visage-decouvert.gouv.fr;FR;75;PARIS;GANDI;gouv.fr;ORG;FR;75;0;03/03/2011;2011;
ape.gouv.fr;FR;59;ROUBAIX;OVH;gouv.fr;ORG;FR;75;0;29/03/2011;2011;
orientation-pour-tous.gouv.fr;FR;72;SAINT SATURNIN;DIGITAL RURAL INFORMATIQUE;gouv.fr;ORG;FR;75;0;26/04/2011;2011;10/03/2019
voteraletranger.gouv.fr;FR;92;CLICHY-LA-GARENNE;OXYD SARL;gouv.fr;ORG;FR;75;0;26/04/2011;2011;
votezaletranger.gouv.fr;FR;92;CLICHY-LA-GARENNE;OXYD SARL;gouv.fr;ORG;FR;75;0;26/04/2011;2011;
conference-rio2012.gouv.fr;FR;49;ANGERS;NAMESHIELD;gouv.fr;ORG;FR;33;0;17/06/2011;2011;09/08/2015
innovation.gouv.fr;FR;59;VILLENEUVE D'ASCQ;AVENIR TELEMATIQUE;gouv.fr;ORG;FR;75;0;23/06/2011;2011;
fei.gouv.fr;FR;75;PARIS;GANDI;gouv.fr;ORG;FR;75;0;18/08/2011;2011;16/10/2015
accessibilite.gouv.fr;FR;49;ANGERS;NAMESHIELD;gouv.fr;ORG;FR;33;0;12/09/2011;2011;
monconsulat.gouv.fr;FR;92;CLICHY-LA-GARENNE;OXYD SARL;gouv.fr;ORG;FR;75;0;22/09/2011;2011;
dcstep.gouv.fr;FR;49;ANGERS;NAMESHIELD;gouv.fr;ORG;FR;75;0;29/09/2011;2011;
import-export.gouv.fr;FR;49;ANGERS;NAMESHIELD;gouv.fr;ORG;FR;75;0;03/10/2011;2011;
respirez-mieux.gouv.fr;FR;49;ANGERS;NAMESHIELD;gouv.fr;ORG;FR;33;0;03/10/2011;2011;
jeunesses.gouv.fr;FR;49;ANGERS;NAMESHIELD;gouv.fr;ORG;FR;75;0;14/10/2011;2011;
communication.gouv.fr;FR;75;PARIS;GANDI;gouv.fr;ORG;FR;75;0;20/10/2011;2011;
culturecommunication.gouv.fr;FR;75;PARIS;GANDI;gouv.fr;ORG;FR;75;0;20/10/2011;2011;
reunion.gouv.fr;FR;13;MARSEILLE CEDEX 03;SAFEBRANDS;gouv.fr;ORG;FR;75;0;03/11/2011;2011;
info-familles.gouv.fr;FR;49;ANGERS;NAMESHIELD;gouv.fr;ORG;FR;75;0;24/11/2011;2011;
agircontreleharcelementalecole.gouv.fr;FR;59;VILLENEUVE D'ASCQ;AVENIR TELEMATIQUE;gouv.fr;ORG;FR;75;0;25/11/2011;2011;
disic.gouv.fr;FR;75;PARIS;GANDI;gouv.fr;ORG;FR;75;0;05/12/2011;2011;
derive-sectaires.gouv.fr;FR;72;SAINT SATURNIN;DIGITAL RURAL INFORMATIQUE;gouv.fr;ORG;FR;75;0;06/01/2012;2012;09/03/2019
derive-sectes.gouv.fr;FR;72;SAINT SATURNIN;DIGITAL RURAL INFORMATIQUE;gouv.fr;ORG;FR;75;0;06/01/2012;2012;09/03/2019
derives-sectaires.gouv.fr;FR;72;SAINT SATURNIN;DIGITAL RURAL INFORMATIQUE;gouv.fr;ORG;FR;75;0;06/01/2012;2012;09/03/2019
derives-sectes.gouv.fr;FR;75;PARIS;GANDI;gouv.fr;ORG;FR;75;0;06/01/2012;2012;
qualitetransports.gouv.fr;FR;49;ANGERS;NAMESHIELD;gouv.fr;ORG;FR;33;0;10/01/2012;2012;
saint-barth-saint-martin.gouv.fr;FR;13;MARSEILLE CEDEX 03;SAFEBRANDS;gouv.fr;ORG;FR;75;0;10/01/2012;2012;
contreleharcelementalecole.gouv.fr;FR;59;VILLENEUVE D'ASCQ;AVENIR TELEMATIQUE;gouv.fr;ORG;FR;75;0;07/02/2012;2012;19/11/2018
sicc-immigration.gouv.fr;FR;13;MARSEILLE CEDEX 03;SAFEBRANDS;gouv.fr;ORG;FR;75;0;11/04/2012;2012;
corse.gouv.fr;FR;13;MARSEILLE CEDEX 03;SAFEBRANDS;gouv.fr;ORG;FR;75;0;16/04/2012;2012;
declaration-environnementale.gouv.fr;FR;49;ANGERS;NAMESHIELD;gouv.fr;ORG;FR;33;0;16/04/2012;2012;
kiosque-actu.gouv.fr;FR;75;PARIS;GANDI;gouv.fr;ORG;FR;75;0;16/04/2012;2012;
kiosque-sig.gouv.fr;FR;75;PARIS;GANDI;gouv.fr;ORG;FR;75;0;16/04/2012;2012;
projets-sig.gouv.fr;FR;75;PARIS;GANDI;gouv.fr;ORG;FR;75;0;18/04/2012;2012;
parafe.gouv.fr;FR;75;PARIS 15;ORANGE;gouv.fr;ORG;FR;75;0;19/04/2012;2012;
info-crise.gouv.fr;FR;72;SAINT SATURNIN;DIGITAL RURAL INFORMATIQUE;gouv.fr;ORG;FR;75;0;09/05/2012;2012;05/07/2018
infos-crise.gouv.fr;FR;72;SAINT SATURNIN;DIGITAL RURAL INFORMATIQUE;gouv.fr;ORG;FR;75;0;09/05/2012;2012;05/07/2018
geoportail.gouv.fr;FR;75;PARIS 15;ORANGE;gouv.fr;ORG;FR;94;0;16/05/2012;2012;
xn--coopration-e7a.gouv.fr;FR;92;CLICHY-LA-GARENNE;OXYD SARL;gouv.fr;ORG;FR;75;1;21/05/2012;2012;
xn--voterltranger-tdb0l.gouv.fr;FR;92;CLICHY-LA-GARENNE;OXYD SARL;gouv.fr;ORG;FR;75;1;21/05/2012;2012;
xn--votezltranger-tdb0l.gouv.fr;FR;92;CLICHY-LA-GARENNE;OXYD SARL;gouv.fr;ORG;FR;75;1;21/05/2012;2012;
redressement-productif.gouv.fr;FR;75;PARIS;GANDI;gouv.fr;ORG;FR;75;0;23/05/2012;2012;
redressementproductif.gouv.fr;FR;75;PARIS;GANDI;gouv.fr;ORG;FR;75;0;23/05/2012;2012;
social-sante.gouv.fr;FR;49;ANGERS;NAMESHIELD;gouv.fr;ORG;FR;75;0;23/05/2012;2012;
travail-emploi.gouv.fr;FR;49;ANGERS;NAMESHIELD;gouv.fr;ORG;FR;75;0;25/05/2012;2012;
infoscrises.gouv.fr;FR;72;SAINT SATURNIN;DIGITAL RURAL INFORMATIQUE;gouv.fr;ORG;FR;75;0;08/06/2012;2012;
enseignementsup.gouv.fr;FR;59;VILLENEUVE D'ASCQ;AVENIR TELEMATIQUE;gouv.fr;ORG;FR;75;0;21/06/2012;2012;
saint-pierre-et-miquelon.gouv.fr;FR;13;MARSEILLE CEDEX 03;SAFEBRANDS;gouv.fr;ORG;FR;75;0;26/06/2012;2012;
saintpierre-et-miquelon.gouv.fr;FR;13;MARSEILLE CEDEX 03;SAFEBRANDS;gouv.fr;ORG;FR;75;0;26/06/2012;2012;
saintpierreetmiquelon.gouv.fr;FR;13;MARSEILLE CEDEX 03;SAFEBRANDS;gouv.fr;ORG;FR;75;0;26/06/2012;2012;
grande-conference-sociale.gouv.fr;FR;49;ANGERS;NAMESHIELD;gouv.fr;ORG;FR;75;0;27/06/2012;2012;
xn--ducation-90a.gouv.fr;FR;59;VILLENEUVE D'ASCQ;AVENIR TELEMATIQUE;gouv.fr;ORG;FR;75;1;27/06/2012;2012;
collectivites-territoriales.gouv.fr;FR;13;MARSEILLE CEDEX 03;SAFEBRANDS;gouv.fr;ORG;FR;75;0;29/06/2012;2012;
artisanat-commerce-tourisme.gouv.fr;FR;75;PARIS;GANDI;gouv.fr;ORG;FR;75;0;02/07/2012;2012;
refondonslecole.gouv.fr;FR;59;VILLENEUVE D'ASCQ;AVENIR TELEMATIQUE;gouv.fr;ORG;FR;75;0;03/07/2012;2012;01/10/2018
xn--chque-service-universel-nbc.gouv.fr;FR;75;PARIS;Société Française du Radiotéléphone - SFR;gouv.fr;ORG;FR;75;1;06/07/2012;2012;
xn--chqueserviceuniversel-p4b.gouv.fr;FR;75;PARIS;Société Française du Radiotéléphone - SFR;gouv.fr;ORG;FR;75;1;06/07/2012;2012;
xn--cohsionsociale-dkb.gouv.fr;FR;75;PARIS;Société Française du Radiotéléphone - SFR;gouv.fr;ORG;FR;75;1;06/07/2012;2012;
xn--cohsion-sociale-dnb.gouv.fr;FR;75;PARIS;Société Française du Radiotéléphone - SFR;gouv.fr;ORG;FR;75;1;06/07/2012;2012;
xn--dpendance-b4a.gouv.fr;FR;49;ANGERS;NAMESHIELD;gouv.fr;ORG;FR;75;1;06/07/2012;2012;
xn--emploidessniors-knb.gouv.fr;FR;49;ANGERS;NAMESHIELD;gouv.fr;ORG;FR;75;1;06/07/2012;2012;
xn--lescransdusocial-dqb.gouv.fr;FR;49;ANGERS;NAMESHIELD;gouv.fr;ORG;FR;75;1;06/07/2012;2012;
xn--parit-fsa.gouv.fr;FR;92;LA DEFENSE CEDEX;COMPLETEL SAS FRANCE;gouv.fr;ORG;FR;75;1;06/07/2012;2012;07/01/2018
xn--pers-ages-h4a.gouv.fr;FR;49;ANGERS;NAMESHIELD;gouv.fr;ORG;FR;75;1;06/07/2012;2012;
xn--pers-gees-f2a.gouv.fr;FR;49;ANGERS;NAMESHIELD;gouv.fr;ORG;FR;75;1;06/07/2012;2012;
xn--pers-ges-mza5e.gouv.fr;FR;49;ANGERS;NAMESHIELD;gouv.fr;ORG;FR;75;1;06/07/2012;2012;
xn--servicelapersonne-uob.gouv.fr;FR;92;LA DEFENSE CEDEX;COMPLETEL SAS FRANCE;gouv.fr;ORG;FR;75;1;06/07/2012;2012;11/01/2018
xn--serviceslapersonne-mrb.gouv.fr;FR;92;LA DEFENSE CEDEX;COMPLETEL SAS FRANCE;gouv.fr;ORG;FR;75;1;06/07/2012;2012;11/01/2018
xn--solidaritsactives-jtb.gouv.fr;FR;49;ANGERS;NAMESHIELD;gouv.fr;ORG;FR;75;1;06/07/2012;2012;
xn--travail-emploi-sant-tzb.gouv.fr;FR;49;ANGERS;NAMESHIELD;gouv.fr;ORG;FR;75;1;06/07/2012;2012;
xn--travail-sant-meb.gouv.fr;FR;49;ANGERS;NAMESHIELD;gouv.fr;ORG;FR;75;1;06/07/2012;2012;
xn--travailsolidarit-qqb.gouv.fr;FR;49;ANGERS;NAMESHIELD;gouv.fr;ORG;FR;75;1;06/07/2012;2012;
xn--travail-solidarit-rtb.gouv.fr;FR;49;ANGERS;NAMESHIELD;gouv.fr;ORG;FR;75;1;06/07/2012;2012;
mesr.gouv.fr;FR;59;VILLENEUVE D'ASCQ;AVENIR TELEMATIQUE;gouv.fr;ORG;FR;75;0;16/07/2012;2012;
xn--commerce-extrieur-mtb.gouv.fr;FR;49;ANGERS;NAMESHIELD;gouv.fr;ORG;FR;75;1;18/07/2012;2012;
xn--conomie-9xa.gouv.fr;FR;49;ANGERS;NAMESHIELD;gouv.fr;ORG;FR;75;1;18/07/2012;2012;
nrbce.gouv.fr;FR;13;MARSEILLE CEDEX 03;SAFEBRANDS;gouv.fr;ORG;FR;75;0;27/07/2012;2012;
xn--goportail-b4a.gouv.fr;FR;75;PARIS 15;ORANGE;gouv.fr;ORG;FR;94;1;13/08/2012;2012;
reforme-de-l-etat-decentralisation-fonction-publique.gouv.fr;FR;49;ANGERS;NAMESHIELD;gouv.fr;ORG;FR;75;0;21/08/2012;2012;
semaine-industrie.gouv.fr;FR;49;ANGERS;NAMESHIELD;gouv.fr;ORG;FR;75;0;24/08/2012;2012;
conference-environnementale.gouv.fr;FR;49;ANGERS;NAMESHIELD;gouv.fr;ORG;FR;33;0;30/08/2012;2012;
culture-acte2.gouv.fr;FR;75;PARIS;GANDI;gouv.fr;ORG;FR;75;0;06/09/2012;2012;04/11/2015
commission-rdvp.gouv.fr;FR;75;PARIS;GANDI;gouv.fr;ORG;FR;75;0;07/09/2012;2012;
antai.gouv.fr;FR;75;PARIS;GANDI;gouv.fr;ORG;FR;35;0;25/09/2012;2012;
24octobre.gouv.fr;FR;72;SAINT SATURNIN;DIGITAL RURAL INFORMATIQUE;gouv.fr;ORG;FR;75;0;10/10/2012;2012;
comite-femmes.gouv.fr;FR;75;PARIS;GANDI;gouv.fr;ORG;FR;75;0;12/10/2012;2012;
economie-sociale-solidaire.gouv.fr;FR;75;PARIS;GANDI;gouv.fr;ORG;FR;75;0;25/10/2012;2012;
lesemploisdavenir.gouv.fr;FR;49;ANGERS;NAMESHIELD;gouv.fr;ORG;FR;75;0;26/10/2012;2012;
stop-harcelement-sexuel.gouv.fr;FR;49;ANGERS;NAMESHIELD;gouv.fr;ORG;FR;75;0;29/10/2012;2012;
action-publique.gouv.fr;FR;75;PARIS;GANDI;gouv.fr;ORG;FR;75;0;19/11/2012;2012;
au-tour-des-parents.gouv.fr;FR;92;LA DEFENSE CEDEX;COMPLETEL SAS FRANCE;gouv.fr;ORG;FR;75;0;19/11/2012;2012;04/01/2018
autourdesparents.gouv.fr;FR;92;LA DEFENSE CEDEX;COMPLETEL SAS FRANCE;gouv.fr;ORG;FR;75;0;19/11/2012;2012;04/01/2018
collectivites-locales.gouv.fr;FR;75;PARIS;GANDI;gouv.fr;ORG;FR;75;0;19/11/2012;2012;
outremer.gouv.fr;FR;75;PARIS;GANDI;gouv.fr;ORG;FR;75;0;20/11/2012;2012;
ma-competitivite.gouv.fr;FR;75;PARIS;GANDI;gouv.fr;ORG;FR;75;0;04/12/2012;2012;
assises-entrepreneuriat.gouv.fr;FR;75;PARIS;GANDI;gouv.fr;ORG;FR;75;0;02/01/2013;2013;
contrat-de-generation.gouv.fr;FR;49;ANGERS;NAMESHIELD;gouv.fr;ORG;FR;75;0;04/01/2013;2013;
contrat-generation.gouv.fr;FR;49;ANGERS;NAMESHIELD;gouv.fr;ORG;FR;75;0;04/01/2013;2013;
contrats-de-generation.gouv.fr;FR;49;ANGERS;NAMESHIELD;gouv.fr;ORG;FR;75;0;04/01/2013;2013;
contrats-generation.gouv.fr;FR;49;ANGERS;NAMESHIELD;gouv.fr;ORG;FR;75;0;04/01/2013;2013;
lecontratdegeneration.gouv.fr;FR;49;ANGERS;NAMESHIELD;gouv.fr;ORG;FR;75;0;04/01/2013;2013;
xn--contrat-gnration-jqbb.gouv.fr;FR;49;ANGERS;NAMESHIELD;gouv.fr;ORG;FR;75;1;04/01/2013;2013;
xn--contrats-gnration-ktbb.gouv.fr;FR;49;ANGERS;NAMESHIELD;gouv.fr;ORG;FR;75;1;04/01/2013;2013;
transition-energetique.gouv.fr;FR;49;ANGERS;NAMESHIELD;gouv.fr;ORG;FR;33;0;23/01/2013;2013;
assises-metiers-des-ingenieurs.gouv.fr;FR;49;ANGERS;NAMESHIELD;gouv.fr;ORG;FR;33;0;29/01/2013;2013;
agroalimentaire.gouv.fr;FR;49;ANGERS;NAMESHIELD;gouv.fr;ORG;FR;75;0;18/02/2013;2013;
contratgeneration.gouv.fr;FR;49;ANGERS;NAMESHIELD;gouv.fr;ORG;FR;75;0;22/02/2013;2013;
macompetitivite.gouv.fr;FR;75;PARIS;GANDI;gouv.fr;ORG;FR;75;0;22/02/2013;2013;
onfi.gouv.fr;FR;75;PARIS;GANDI;gouv.fr;ORG;FR;75;0;04/03/2013;2013;01/05/2015
vehicule-electrique.gouv.fr;FR;75;PARIS;GANDI;gouv.fr;ORG;FR;75;0;04/03/2013;2013;01/05/2015
dimed.gouv.fr;FR;75;PARIS;GANDI;gouv.fr;ORG;FR;75;0;29/03/2013;2013;
laicite.gouv.fr;FR;75;PARIS;GANDI;gouv.fr;ORG;FR;75;0;09/04/2013;2013;
xn--lacit-fsa2b.gouv.fr;FR;72;SAINT SATURNIN;DIGITAL RURAL INFORMATIQUE;gouv.fr;ORG;FR;75;1;09/04/2013;2013;
haut-conseil-egalite.gouv.fr;FR;49;ANGERS;NAMESHIELD;gouv.fr;ORG;FR;75;0;15/04/2013;2013;
miprof.gouv.fr;FR;49;ANGERS;NAMESHIELD;gouv.fr;ORG;FR;75;0;16/04/2013;2013;
sppe.gouv.fr;FR;49;ANGERS;NAMESHIELD;gouv.fr;ORG;FR;75;0;18/04/2013;2013;
bilan-un-an.gouv.fr;FR;72;SAINT SATURNIN;DIGITAL RURAL INFORMATIQUE;gouv.fr;ORG;FR;75;0;26/04/2013;2013;
bilan-1-an.gouv.fr;FR;72;SAINT SATURNIN;DIGITAL RURAL INFORMATIQUE;gouv.fr;ORG;FR;75;0;26/04/2013;2013;
xn--dfense-bva.gouv.fr;FR;75;PARIS 15;ORANGE;gouv.fr;ORG;FR;94;1;02/05/2013;2013;
dgcis.gouv.fr;FR;75;PARIS;GANDI;gouv.fr;ORG;FR;75;0;06/05/2013;2013;03/07/2015
francethd.gouv.fr;FR;75;PARIS;GANDI;gouv.fr;ORG;FR;75;0;06/05/2013;2013;
xn--impts-8ta.gouv.fr;FR;75;PARIS 15;ORANGE;gouv.fr;ORG;FR;93;1;28/05/2013;2013;
mon-cice.gouv.fr;FR;75;PARIS;GANDI;gouv.fr;ORG;FR;75;0;10/06/2013;2013;
academie-renseignement.gouv.fr;FR;75;PARIS;GANDI;gouv.fr;ORG;FR;75;0;11/06/2013;2013;
horizon2020.gouv.fr;FR;59;VILLENEUVE D'ASCQ;AVENIR TELEMATIQUE;gouv.fr;ORG;FR;75;0;17/06/2013;2013;
csep.gouv.fr;FR;75;PARIS;GANDI;gouv.fr;ORG;FR;75;0;28/06/2013;2013;
lettre-services-de-l-etat.gouv.fr;FR;49;ANGERS;NAMESHIELD;gouv.fr;ORG;FR;75;0;15/07/2013;2013;
g-cloud.gouv.fr;FR;49;ANGERS;NAMESHIELD;gouv.fr;ORG;FR;75;0;17/07/2013;2013;17/08/2018
gcloud.gouv.fr;FR;49;ANGERS;NAMESHIELD;gouv.fr;ORG;FR;75;0;17/07/2013;2013;17/08/2018
medicament.gouv.fr;FR;49;ANGERS;NAMESHIELD;gouv.fr;ORG;FR;75;0;25/07/2013;2013;
medicaments.gouv.fr;FR;49;ANGERS;NAMESHIELD;gouv.fr;ORG;FR;75;0;25/07/2013;2013;
demande-logement-social.gouv.fr;FR;49;ANGERS;NAMESHIELD;gouv.fr;ORG;FR;75;0;08/08/2013;2013;
renovation-info-service.gouv.fr;FR;49;ANGERS;NAMESHIELD;gouv.fr;ORG;FR;75;0;04/09/2013;2013;
comite-fiscalite-ecologique.gouv.fr;FR;49;ANGERS;NAMESHIELD;gouv.fr;ORG;FR;75;0;05/09/2013;2013;
conseil-national-industrie.gouv.fr;FR;49;ANGERS;NAMESHIELD;gouv.fr;ORG;FR;75;0;09/09/2013;2013;
budget-2014.gouv.fr;FR;75;PARIS;GANDI;gouv.fr;ORG;FR;75;0;17/09/2013;2013;15/11/2015
faire-simple.gouv.fr;FR;49;ANGERS;NAMESHIELD;gouv.fr;ORG;FR;75;0;18/09/2013;2013;
ivg.gouv.fr;FR;49;ANGERS;NAMESHIELD;gouv.fr;ORG;FR;75;0;27/09/2013;2013;
renovationinfoservice.gouv.fr;FR;49;ANGERS;NAMESHIELD;gouv.fr;ORG;FR;75;0;30/09/2013;2013;
nrbc-e.gouv.fr;FR;75;PARIS;GANDI;gouv.fr;ORG;FR;13;0;07/10/2013;2013;
diges.gouv.fr;FR;49;ANGERS;NAMESHIELD;gouv.fr;ORG;FR;75;0;16/10/2013;2013;
transparence-sante.gouv.fr;FR;49;ANGERS;NAMESHIELD;gouv.fr;ORG;FR;75;0;21/10/2013;2013;
cncmfe.gouv.fr;FR;75;PARIS;GANDI;gouv.fr;ORG;FR;13;0;03/12/2013;2013;
transmettre-mon-entreprise.gouv.fr;FR;75;PARIS;GANDI;gouv.fr;ORG;FR;75;0;06/12/2013;2013;
domaine-encheres.gouv.fr;FR;75;PARIS 15;ORANGE;gouv.fr;ORG;FR;93;0;31/01/2014;2014;
encheres-domaine.gouv.fr;FR;75;PARIS 15;ORANGE;gouv.fr;ORG;FR;93;0;31/01/2014;2014;
encheres-domaniales.gouv.fr;FR;75;PARIS 15;ORANGE;gouv.fr;ORG;FR;93;0;31/01/2014;2014;
educ.gouv.fr;FR;59;VILLENEUVE D'ASCQ;AVENIR TELEMATIQUE;gouv.fr;ORG;FR;75;0;10/02/2014;2014;19/11/2018
relocaliser.gouv.fr;FR;75;PARIS;GANDI;gouv.fr;ORG;FR;75;0;21/02/2014;2014;
dihal.gouv.fr;FR;49;ANGERS;NAMESHIELD;gouv.fr;ORG;FR;75;0;06/03/2014;2014;
cget.gouv.fr;FR;92;BOULOGNE-BILLANCOURT;INTEGRA;gouv.fr;ORG;FR;75;0;12/03/2014;2014;
cop21.gouv.fr;FR;92;CLICHY-LA-GARENNE;OXYD SARL;gouv.fr;ORG;FR;75;0;07/04/2014;2014;
fvjs.gouv.fr;FR;49;ANGERS;NAMESHIELD;gouv.fr;ORG;FR;75;0;16/04/2014;2014;
reforme-territoriale.gouv.fr;FR;49;ANGERS;NAMESHIELD;gouv.fr;ORG;FR;75;0;09/05/2014;2014;
georisques.gouv.fr;FR;49;ANGERS;NAMESHIELD;gouv.fr;ORG;FR;75;0;15/05/2014;2014;
votezalentranger.gouv.fr;FR;92;CLICHY-LA-GARENNE;OXYD SARL;gouv.fr;ORG;FR;75;0;15/05/2014;2014;21/02/2016
generationdavance.gouv.fr;FR;49;ANGERS;NAMESHIELD;gouv.fr;ORG;FR;75;0;22/07/2014;2014;
une-generation-davance.gouv.fr;FR;92;LA DEFENSE CEDEX;COMPLETEL SAS FRANCE;gouv.fr;ORG;FR;75;0;22/07/2014;2014;13/01/2018
unegenerationdavance.gouv.fr;FR;92;LA DEFENSE CEDEX;COMPLETEL SAS FRANCE;gouv.fr;ORG;FR;75;0;22/07/2014;2014;13/01/2018
transparence-aide.gouv.fr;FR;92;CLICHY-LA-GARENNE;OXYD SARL;gouv.fr;ORG;FR;75;0;07/08/2014;2014;
commission-nationale-services.gouv.fr;FR;75;PARIS;GANDI;gouv.fr;ORG;FR;75;0;27/08/2014;2014;
ader.gouv.fr;FR;49;ANGERS;NAMESHIELD;gouv.fr;ORG;FR;75;0;28/08/2014;2014;
rie.gouv.fr;FR;49;ANGERS;NAMESHIELD;gouv.fr;ORG;FR;75;0;28/08/2014;2014;
cnefop.gouv.fr;FR;49;ANGERS;NAMESHIELD;gouv.fr;ORG;FR;75;0;05/09/2014;2014;
ville-jeunesse-sports.gouv.fr;FR;49;ANGERS;NAMESHIELD;gouv.fr;ORG;FR;75;0;09/09/2014;2014;
moncompteformation.gouv.fr;FR;49;ANGERS;NAMESHIELD;gouv.fr;ORG;FR;75;0;19/09/2014;2014;
objectifzerodechet.gouv.fr;FR;49;ANGERS;NAMESHIELD;gouv.fr;ORG;FR;75;0;30/09/2014;2014;
ruralite.gouv.fr;FR;49;ANGERS;NAMESHIELD;gouv.fr;ORG;FR;75;0;30/09/2014;2014;
esr.gouv.fr;FR;59;VILLENEUVE D'ASCQ;AVENIR TELEMATIQUE;gouv.fr;ORG;FR;75;0;06/10/2014;2014;
info-ebola.gouv.fr;FR;75;PARIS;GANDI;gouv.fr;ORG;FR;75;0;07/10/2014;2014;
mes-aides.gouv.fr;FR;59;ROUBAIX;OVH;gouv.fr;ORG;FR;75;0;20/10/2014;2014;
info-vigipirate.gouv.fr;FR;72;SAINT SATURNIN;DIGITAL RURAL INFORMATIQUE;gouv.fr;ORG;FR;75;0;23/10/2014;2014;
accueil-etrangers.gouv.fr;FR;49;ANGERS;NAMESHIELD;gouv.fr;ORG;FR;75;0;24/10/2014;2014;
etatplateforme.gouv.fr;FR;75;PARIS;GANDI;gouv.fr;ORG;FR;75;0;24/10/2014;2014;
france-connect.gouv.fr;FR;59;ROUBAIX;OVH;gouv.fr;ORG;FR;75;0;24/10/2014;2014;
loi-conso.gouv.fr;FR;75;PARIS;GANDI;gouv.fr;ORG;FR;75;0;30/10/2014;2014;
loiconso.gouv.fr;FR;75;PARIS;GANDI;gouv.fr;ORG;FR;75;0;30/10/2014;2014;
fondsdesoutien.gouv.fr;FR;49;ANGERS;NAMESHIELD;gouv.fr;ORG;FR;75;0;03/11/2014;2014;
semaine-innovation-publique.gouv.fr;FR;49;ANGERS;NAMESHIELD;gouv.fr;ORG;FR;75;0;03/11/2014;2014;
semaineinnovationpublique.gouv.fr;FR;49;ANGERS;NAMESHIELD;gouv.fr;ORG;FR;75;0;03/11/2014;2014;
france-connecte.gouv.fr;FR;59;ROUBAIX;OVH;gouv.fr;ORG;FR;75;0;04/12/2014;2014;
franceconnecte.gouv.fr;FR;59;ROUBAIX;OVH;gouv.fr;ORG;FR;75;0;04/12/2014;2014;
franceconnect.gouv.fr;FR;59;ROUBAIX;OVH;gouv.fr;ORG;FR;75;0;04/12/2014;2014;
vjs.gouv.fr;FR;92;LA DEFENSE CEDEX;COMPLETEL SAS FRANCE;gouv.fr;ORG;FR;75;0;09/12/2014;2014;13/01/2018
agenda-reformes.gouv.fr;FR;72;SAINT SATURNIN;DIGITAL RURAL INFORMATIQUE;gouv.fr;ORG;FR;75;0;11/12/2014;2014;
gic.gouv.fr;FR;75;PARIS;GANDI;gouv.fr;ORG;FR;75;0;12/12/2014;2014;
geoportail-urbanisme.gouv.fr;FR;49;ANGERS;NAMESHIELD;gouv.fr;ORG;FR;75;0;16/12/2014;2014;
voeux2015.gouv.fr;FR;75;PARIS;GANDI;gouv.fr;ORG;FR;75;0;16/12/2014;2014;
pnr-certif.gouv.fr;FR;49;ANGERS;NAMESHIELD;gouv.fr;ORG;FR;75;0;18/12/2014;2014;
pnr.gouv.fr;FR;49;ANGERS;NAMESHIELD;gouv.fr;ORG;FR;75;0;18/12/2014;2014;
stop-djihadisme.gouv.fr;FR;13;MARSEILLE CEDEX 03;SAFEBRANDS;gouv.fr;ORG;FR;75;0;07/01/2015;2015;
apiagent.gouv.fr;FR;75;PARIS;GANDI;gouv.fr;ORG;FR;75;0;22/01/2015;2015;
apientreprise.gouv.fr;FR;75;PARIS;GANDI;gouv.fr;ORG;FR;75;0;22/01/2015;2015;
apiparticulier.gouv.fr;FR;75;PARIS;GANDI;gouv.fr;ORG;FR;75;0;22/01/2015;2015;
pnr-pprod.gouv.fr;FR;49;ANGERS;NAMESHIELD;gouv.fr;ORG;FR;75;0;30/01/2015;2015;
artisanat-commerce-tpe.gouv.fr;FR;75;PARIS;GANDI;gouv.fr;ORG;FR;75;0;03/02/2015;2015;
loi-sante.gouv.fr;FR;92;LA DEFENSE CEDEX;COMPLETEL SAS FRANCE;gouv.fr;ORG;FR;75;0;16/02/2015;2015;06/01/2018
1000paysages.gouv.fr;FR;49;ANGERS;NAMESHIELD;gouv.fr;ORG;FR;75;0;06/03/2015;2015;
pac2015.gouv.fr;FR;49;ANGERS;NAMESHIELD;gouv.fr;ORG;FR;75;0;11/03/2015;2015;
pour-les-personnes-agees.gouv.fr;FR;59;ROUBAIX;OVH;gouv.fr;ORG;FR;75;0;25/03/2015;2015;
pourlespersonnesagees.gouv.fr;FR;59;ROUBAIX;OVH;gouv.fr;ORG;FR;75;0;25/03/2015;2015;
xn--pourlespersonnesges-qvb2m.gouv.fr;FR;59;ROUBAIX;OVH;gouv.fr;ORG;FR;75;1;25/03/2015;2015;
xn--pour-les-personnes-ges-73b3o.gouv.fr;FR;59;ROUBAIX;OVH;gouv.fr;ORG;FR;75;1;25/03/2015;2015;
francetnp.gouv.fr;FR;92;CLICHY-LA-GARENNE;OXYD SARL;gouv.fr;ORG;FR;75;0;08/04/2015;2015;
reviensteformer.gouv.fr;FR;59;VILLENEUVE D'ASCQ;AVENIR TELEMATIQUE;gouv.fr;ORG;FR;75;0;13/04/2015;2015;
service-public-asso.gouv.fr;FR;49;ANGERS;NAMESHIELD;gouv.fr;ORG;FR;75;0;12/05/2015;2015;
service-public-assos.gouv.fr;FR;49;ANGERS;NAMESHIELD;gouv.fr;ORG;FR;75;0;12/05/2015;2015;
service-public-pro.gouv.fr;FR;49;ANGERS;NAMESHIELD;gouv.fr;ORG;FR;75;0;12/05/2015;2015;
service-public-pros.gouv.fr;FR;49;ANGERS;NAMESHIELD;gouv.fr;ORG;FR;75;0;12/05/2015;2015;
urbanisme-puca.gouv.fr;FR;49;ANGERS;NAMESHIELD;gouv.fr;ORG;FR;75;0;29/05/2015;2015;
spm.gouv.fr;FR;75;PARIS;GANDI;gouv.fr;ORG;FR;75;0;05/06/2015;2015;
spm975.gouv.fr;FR;13;MARSEILLE CEDEX 03;SAFEBRANDS;gouv.fr;ORG;FR;75;0;05/06/2015;2015;
commission-participations-transferts.gouv.fr;FR;75;PARIS;GANDI;gouv.fr;ORG;FR;75;0;12/06/2015;2015;
hcsf.gouv.fr;FR;75;PARIS;GANDI;gouv.fr;ORG;FR;75;0;12/06/2015;2015;
civen.gouv.fr;FR;75;PARIS;GANDI;gouv.fr;ORG;FR;75;0;16/06/2015;2015;
ira-documentation.gouv.fr;FR;75;PARIS;GANDI;gouv.fr;ORG;FR;59;0;17/06/2015;2015;
stop-discrimination.gouv.fr;FR;75;PARIS;PLANET-WORK;gouv.fr;ORG;FR;75;0;23/07/2015;2015;
stop-discriminations.gouv.fr;FR;75;PARIS;PLANET-WORK;gouv.fr;ORG;FR;75;0;23/07/2015;2015;
sup-n.gouv.fr;FR;59;VILLENEUVE D'ASCQ;AVENIR TELEMATIQUE;gouv.fr;ORG;FR;75;0;11/08/2015;2015;
sup-numerique.gouv.fr;FR;59;VILLENEUVE D'ASCQ;AVENIR TELEMATIQUE;gouv.fr;ORG;FR;75;0;11/08/2015;2015;
retraitesdeletat.gouv.fr;FR;75;PARIS 15;ORANGE;gouv.fr;ORG;FR;93;0;17/08/2015;2015;
republique-numerique.gouv.fr;FR;75;PARIS;GANDI;gouv.fr;ORG;FR;75;0;25/09/2015;2015;
certificat-air.gouv.fr;FR;75;PARIS 15;ORANGE;gouv.fr;ORG;FR;75;0;01/10/2015;2015;
prevention-delinquance.gouv.fr;FR;69;BRON;AIC TELECOMS;gouv.fr;ORG;FR;75;0;02/10/2015;2015;05/11/2017
conference-sociale.gouv.fr;FR;49;ANGERS;NAMESHIELD;gouv.fr;ORG;FR;75;0;08/10/2015;2015;
france-visas.gouv.fr;FR;75;PARIS;GANDI;gouv.fr;ORG;FR;44;0;22/10/2015;2015;
alsace-champagne-ardenne-lorraine.gouv.fr;FR;13;MARSEILLE CEDEX 03;SAFEBRANDS;gouv.fr;ORG;FR;75;0;28/10/2015;2015;
aquitaine-limousin-poitou-charentes.gouv.fr;FR;13;MARSEILLE CEDEX 03;SAFEBRANDS;gouv.fr;ORG;FR;75;0;28/10/2015;2015;
auvergne-rhone-alpes.gouv.fr;FR;13;MARSEILLE CEDEX 03;SAFEBRANDS;gouv.fr;ORG;FR;75;0;28/10/2015;2015;
bourgogne-franche-comte.gouv.fr;FR;13;MARSEILLE CEDEX 03;SAFEBRANDS;gouv.fr;ORG;FR;75;0;28/10/2015;2015;
centre-val-de-loire.gouv.fr;FR;13;MARSEILLE CEDEX 03;SAFEBRANDS;gouv.fr;ORG;FR;75;0;28/10/2015;2015;
languedoc-roussillon-midi-pyrenees.gouv.fr;FR;13;MARSEILLE CEDEX 03;SAFEBRANDS;gouv.fr;ORG;FR;75;0;28/10/2015;2015;
nord-pas-de-calais-picardie.gouv.fr;FR;13;MARSEILLE CEDEX 03;SAFEBRANDS;gouv.fr;ORG;FR;75;0;28/10/2015;2015;
normandie.gouv.fr;FR;13;MARSEILLE CEDEX 03;SAFEBRANDS;gouv.fr;ORG;FR;75;0;28/10/2015;2015;
prefectures-regions.gouv.fr;FR;13;MARSEILLE CEDEX 03;SAFEBRANDS;gouv.fr;ORG;FR;75;0;12/11/2015;2015;
drdjscs.gouv.fr;FR;49;ANGERS;NAMESHIELD;gouv.fr;ORG;FR;75;0;17/11/2015;2015;
voeux2016.gouv.fr;FR;75;PARIS;GANDI;gouv.fr;ORG;FR;75;0;16/12/2015;2015;
ptz.gouv.fr;FR;49;ANGERS;NAMESHIELD;gouv.fr;ORG;FR;75;0;21/12/2015;2015;
acal.gouv.fr;FR;13;MARSEILLE CEDEX 03;SAFEBRANDS;gouv.fr;ORG;FR;75;0;07/01/2016;2016;
alpc.gouv.fr;FR;13;MARSEILLE CEDEX 03;SAFEBRANDS;gouv.fr;ORG;FR;75;0;08/01/2016;2016;
ara.gouv.fr;FR;13;MARSEILLE CEDEX 03;SAFEBRANDS;gouv.fr;ORG;FR;75;0;08/01/2016;2016;
bfc.gouv.fr;FR;13;MARSEILLE CEDEX 03;SAFEBRANDS;gouv.fr;ORG;FR;75;0;08/01/2016;2016;
lrmp.gouv.fr;FR;13;MARSEILLE CEDEX 03;SAFEBRANDS;gouv.fr;ORG;FR;75;0;08/01/2016;2016;
npdcp.gouv.fr;FR;13;MARSEILLE CEDEX 03;SAFEBRANDS;gouv.fr;ORG;FR;75;0;08/01/2016;2016;
devenirenseignant.gouv.fr;FR;59;VILLENEUVE D'ASCQ;AVENIR TELEMATIQUE;gouv.fr;ORG;FR;75;0;12/01/2016;2016;
encasdattaque.gouv.fr;FR;75;PARIS;GANDI;gouv.fr;ORG;FR;75;0;21/01/2016;2016;
stopdjihadisme.gouv.fr;FR;13;MARSEILLE CEDEX 03;SAFEBRANDS;gouv.fr;ORG;FR;75;0;21/01/2016;2016;
tarifs-bancaires.gouv.fr;FR;75;PARIS;GANDI;gouv.fr;ORG;FR;75;0;25/01/2016;2016;
tousunicontrelahaine.gouv.fr;FR;72;SAINT SATURNIN;DIGITAL RURAL INFORMATIQUE;gouv.fr;ORG;FR;75;0;28/01/2016;2016;02/02/2016
guadeloupe.gouv.fr;FR;13;MARSEILLE CEDEX 03;SAFEBRANDS;gouv.fr;ORG;FR;75;0;29/01/2016;2016;
mayotte.gouv.fr;FR;13;MARSEILLE CEDEX 03;SAFEBRANDS;gouv.fr;ORG;FR;75;0;29/01/2016;2016;
tousuniscontrelahaine.gouv.fr;FR;75;PARIS;GANDI;gouv.fr;ORG;FR;75;0;01/02/2016;2016;
chorus-pro.gouv.fr;FR;49;ANGERS;NAMESHIELD;gouv.fr;ORG;FR;93;0;03/02/2016;2016;
embauche-pme.gouv.fr;FR;72;SAINT SATURNIN;DIGITAL RURAL INFORMATIQUE;gouv.fr;ORG;FR;75;0;17/02/2016;2016;
embauchepme.gouv.fr;FR;72;SAINT SATURNIN;DIGITAL RURAL INFORMATIQUE;gouv.fr;ORG;FR;75;0;17/02/2016;2016;
api.gouv.fr;FR;59;ROUBAIX;OVH;gouv.fr;ORG;FR;75;0;24/02/2016;2016;
beta.gouv.fr;FR;59;ROUBAIX;OVH;gouv.fr;ORG;FR;75;0;24/02/2016;2016;
famille-enfance-droitsdesfemmes.gouv.fr;FR;49;ANGERS;NAMESHIELD;gouv.fr;ORG;FR;75;0;26/02/2016;2016;
feddf.gouv.fr;FR;49;ANGERS;NAMESHIELD;gouv.fr;ORG;FR;75;0;26/02/2016;2016;
familles-enfance-droitsdesfemmes.gouv.fr;FR;49;ANGERS;NAMESHIELD;gouv.fr;ORG;FR;75;0;04/03/2016;2016;
aide-aux-victimes.gouv.fr;FR;75;PARIS;GANDI;gouv.fr;ORG;FR;75;0;15/03/2016;2016;
egalite-citoyennete-participez.gouv.fr;FR;49;ANGERS;NAMESHIELD;gouv.fr;ORG;FR;75;0;17/03/2016;2016;
xn--galit-citoyennet-participez-9ncfl.gouv.fr;FR;49;ANGERS;NAMESHIELD;gouv.fr;ORG;FR;75;1;17/03/2016;2016;
bloctel.gouv.fr;FR;49;ANGERS;NAMESHIELD;gouv.fr;ORG;FR;75;0;23/03/2016;2016;
100projetspourleclimat.gouv.fr;FR;49;ANGERS;NAMESHIELD;gouv.fr;ORG;FR;75;0;19/04/2016;2016;
chequeenergie.gouv.fr;FR;49;ANGERS;NAMESHIELD;gouv.fr;ORG;FR;75;0;21/04/2016;2016;
portail-immo.gouv.fr;FR;75;PARIS 15;ORANGE;gouv.fr;ORG;FR;93;0;21/04/2016;2016;
onpe.gouv.fr;FR;59;ROUBAIX;OVH;gouv.fr;ORG;FR;75;0;17/05/2016;2016;
alerte-saip.gouv.fr;FR;13;MARSEILLE CEDEX 03;SAFEBRANDS;gouv.fr;ORG;FR;75;0;18/05/2016;2016;
agencedunumerique.gouv.fr;FR;75;PARIS;GANDI;gouv.fr;ORG;FR;75;0;07/06/2016;2016;
appli-alerte-saip.gouv.fr;FR;75;PARIS;GANDI;gouv.fr;ORG;FR;75;0;08/06/2016;2016;
appli-saip.gouv.fr;FR;75;PARIS;GANDI;gouv.fr;ORG;FR;75;0;08/06/2016;2016;
registre-coproprietes.gouv.fr;FR;49;ANGERS;NAMESHIELD;gouv.fr;ORG;FR;75;0;21/06/2016;2016;
registre-coproprietes-notaires.gouv.fr;FR;49;ANGERS;NAMESHIELD;gouv.fr;ORG;FR;75;0;21/06/2016;2016;
guide-victimes.gouv.fr;FR;75;PARIS;GANDI;gouv.fr;ORG;FR;75;0;28/06/2016;2016;
moncompteactivite.gouv.fr;FR;49;ANGERS;NAMESHIELD;gouv.fr;ORG;FR;75;0;04/07/2016;2016;
segur.gouv.fr;FR;75;PARIS;GANDI;gouv.fr;ORG;FR;75;0;07/07/2016;2016;
encadrementdesloyers.gouv.fr;FR;49;ANGERS;NAMESHIELD;gouv.fr;ORG;FR;75;0;21/07/2016;2016;
grand-est.gouv.fr;FR;13;MARSEILLE CEDEX 03;SAFEBRANDS;gouv.fr;ORG;FR;75;0;11/08/2016;2016;
hauts-de-france.gouv.fr;FR;13;MARSEILLE CEDEX 03;SAFEBRANDS;gouv.fr;ORG;FR;75;0;11/08/2016;2016;
nouvelle-aquitaine.gouv.fr;FR;13;MARSEILLE CEDEX 03;SAFEBRANDS;gouv.fr;ORG;FR;75;0;11/08/2016;2016;
occitanie.gouv.fr;FR;13;MARSEILLE CEDEX 03;SAFEBRANDS;gouv.fr;ORG;FR;75;0;11/08/2016;2016;
biodiversite-en-action.gouv.fr;FR;49;ANGERS;NAMESHIELD;gouv.fr;ORG;FR;75;0;29/08/2016;2016;
registre-coproprietes-secure.gouv.fr;FR;49;ANGERS;NAMESHIELD;gouv.fr;ORG;FR;75;0;29/08/2016;2016;
sexismepasnotregenre.gouv.fr;FR;49;ANGERS;NAMESHIELD;gouv.fr;ORG;FR;75;0;31/08/2016;2016;
electiontpe.gouv.fr;FR;49;ANGERS;NAMESHIELD;gouv.fr;ORG;FR;75;0;07/09/2016;2016;
concours-cartographie.gouv.fr;FR;92;BOULOGNE-BILLANCOURT;INTEGRA;gouv.fr;ORG;FR;93;0;12/09/2016;2016;13/10/2017
prelevementalasource.gouv.fr;FR;75;PARIS;GANDI;gouv.fr;ORG;FR;75;0;27/09/2016;2016;
garde-nationale.gouv.fr;FR;75;PARIS;GANDI;gouv.fr;ORG;FR;75;0;28/09/2016;2016;
xn--moncompteactivit-qqb.gouv.fr;FR;49;ANGERS;NAMESHIELD;gouv.fr;ORG;FR;75;1;30/09/2016;2016;
signalement-sante.gouv.fr;FR;49;ANGERS;NAMESHIELD;gouv.fr;ORG;FR;75;0;07/11/2016;2016;
transparence-logement-social.gouv.fr;FR;49;ANGERS;NAMESHIELD;gouv.fr;ORG;FR;75;0;14/11/2016;2016;
autisme.gouv.fr;FR;49;ANGERS;NAMESHIELD;gouv.fr;ORG;FR;75;0;28/11/2016;2016;
coeurdeville.gouv.fr;FR;49;ANGERS;NAMESHIELD;gouv.fr;ORG;FR;75;0;02/12/2016;2016;
voeux2017.gouv.fr;FR;75;PARIS;GANDI;gouv.fr;ORG;FR;75;0;06/12/2016;2016;
diplome.gouv.fr;FR;59;VILLENEUVE D'ASCQ;AVENIR TELEMATIQUE;gouv.fr;ORG;FR;75;0;09/12/2016;2016;
diplomes.gouv.fr;FR;59;VILLENEUVE D'ASCQ;AVENIR TELEMATIQUE;gouv.fr;ORG;FR;75;0;09/12/2016;2016;
snds.gouv.fr;FR;49;ANGERS;NAMESHIELD;gouv.fr;ORG;FR;75;0;28/12/2016;2016;
guyane.gouv.fr;FR;13;MARSEILLE CEDEX 03;SAFEBRANDS;gouv.fr;ORG;FR;75;0;03/01/2017;2017;
designation-prudhommes.gouv.fr;FR;49;ANGERS;NAMESHIELD;gouv.fr;ORG;FR;75;0;19/01/2017;2017;
alim-confiance.gouv.fr;FR;49;ANGERS;NAMESHIELD;gouv.fr;ORG;FR;75;0;20/01/2017;2017;
mesdroitssociaux.gouv.fr;FR;49;ANGERS;NAMESHIELD;gouv.fr;ORG;FR;75;0;25/01/2017;2017;
trouvermonmaster.gouv.fr;FR;59;VILLENEUVE D'ASCQ;AVENIR TELEMATIQUE;gouv.fr;ORG;FR;75;0;25/01/2017;2017;
louer-abordable.gouv.fr;FR;49;ANGERS;NAMESHIELD;gouv.fr;ORG;FR;75;0;31/01/2017;2017;
ensap.gouv.fr;FR;75;PARIS 15;ORANGE;gouv.fr;ORG;FR;93;0;14/02/2017;2017;
tourisme-handicap.gouv.fr;FR;49;ANGERS;NAMESHIELD;gouv.fr;ORG;FR;75;0;16/02/2017;2017;
xn--libertgalitfraternit-g2bafj.gouv.fr;FR;75;PARIS;GANDI;gouv.fr;ORG;FR;75;1;17/02/2017;2017;
liberteegalitefraternite.gouv.fr;FR;75;PARIS;GANDI;gouv.fr;ORG;FR;75;0;20/02/2017;2017;
engagement-civique.gouv.fr;FR;49;ANGERS;NAMESHIELD;gouv.fr;ORG;FR;75;0;28/02/2017;2017;
xn--libertegalitfraternit-g5bgj.gouv.fr;FR;75;PARIS;GANDI;gouv.fr;ORG;FR;75;1;28/02/2017;2017;
hcts.gouv.fr;FR;49;ANGERS;NAMESHIELD;gouv.fr;ORG;FR;75;0;21/03/2017;2017;
agence-francaise-anticorruption.gouv.fr;FR;75;PARIS;GANDI;gouv.fr;ORG;FR;75;0;24/03/2017;2017;
afa.gouv.fr;FR;49;ANGERS;NAMESHIELD;gouv.fr;ORG;FR;75;0;28/03/2017;2017;
cybermalveillance.gouv.fr;FR;92;CLICHY-LA-GARENNE;OXYD SARL;gouv.fr;ORG;FR;75;0;28/03/2017;2017;
martinique.gouv.fr;FR;13;MARSEILLE CEDEX 03;SAFEBRANDS;gouv.fr;ORG;FR;75;0;04/04/2017;2017;
wallis-et-futuna.gouv.fr;FR;13;MARSEILLE CEDEX 03;SAFEBRANDS;gouv.fr;ORG;FR;75;0;04/04/2017;2017;
secnumacademie.gouv.fr;FR;75;PARIS;GANDI;gouv.fr;ORG;FR;75;0;12/05/2017;2017;
egalite-femmes-hommes.gouv.fr;FR;49;ANGERS;NAMESHIELD;gouv.fr;ORG;FR;75;0;19/05/2017;2017;
solidarites-sante.gouv.fr;FR;49;ANGERS;NAMESHIELD;gouv.fr;ORG;FR;75;0;19/05/2017;2017;
xn--galit-femmes-hommes-9ybf.gouv.fr;FR;49;ANGERS;NAMESHIELD;gouv.fr;ORG;FR;75;1;19/05/2017;2017;
xn--solidarits-sant-jnbg.gouv.fr;FR;49;ANGERS;NAMESHIELD;gouv.fr;ORG;FR;75;1;19/05/2017;2017;
cohesion-territoires.gouv.fr;FR;49;ANGERS;NAMESHIELD;gouv.fr;ORG;FR;75;0;23/05/2017;2017;
ecologique-solidaire.gouv.fr;FR;49;ANGERS;NAMESHIELD;gouv.fr;ORG;FR;75;0;29/05/2017;2017;
jscs.gouv.fr;FR;49;ANGERS;NAMESHIELD;gouv.fr;ORG;FR;75;0;30/05/2017;2017;
ecologie-solidaire.gouv.fr;FR;49;ANGERS;NAMESHIELD;gouv.fr;ORG;FR;75;0;13/06/2017;2017;
transports.gouv.fr;FR;49;ANGERS;NAMESHIELD;gouv.fr;ORG;FR;75;0;28/06/2017;2017;
datara.gouv.fr;FR;75;PARIS;GANDI;gouv.fr;ORG;FR;69;0;05/07/2017;2017;
eg-alimentation.gouv.fr;FR;75;PARIS;GANDI;gouv.fr;ORG;FR;75;0;13/07/2017;2017;
egalimentation.gouv.fr;FR;75;PARIS;GANDI;gouv.fr;ORG;FR;75;0;13/07/2017;2017;
assisesdelamobilite.gouv.fr;FR;49;ANGERS;NAMESHIELD;gouv.fr;ORG;FR;75;0;17/08/2017;2017;
plan-climat.gouv.fr;FR;49;ANGERS;NAMESHIELD;gouv.fr;ORG;FR;75;0;17/08/2017;2017;
planclimat.gouv.fr;FR;49;ANGERS;NAMESHIELD;gouv.fr;ORG;FR;75;0;17/08/2017;2017;
cyberveille-sante.gouv.fr;FR;49;ANGERS;NAMESHIELD;gouv.fr;ORG;FR;75;0;12/09/2017;2017;
xn--assisesdelamobilit-swb.gouv.fr;FR;49;ANGERS;NAMESHIELD;gouv.fr;ORG;FR;75;1;20/09/2017;2017;
consultation-economie-circulaire.gouv.fr;FR;49;ANGERS;NAMESHIELD;gouv.fr;ORG;FR;75;0;11/10/2017;2017;
comu.gouv.fr;FR;13;MARSEILLE CEDEX 03;SAFEBRANDS;gouv.fr;ORG;FR;75;0;26/10/2017;2017;
datatourisme.gouv.fr;FR;49;ANGERS;NAMESHIELD;gouv.fr;ORG;FR;75;0;26/10/2017;2017;
forum-action-publique.gouv.fr;FR;75;PARIS;GANDI;gouv.fr;ORG;FR;75;0;26/10/2017;2017;
conference-territoires.gouv.fr;FR;92;BOULOGNE-BILLANCOURT;INTEGRA;gouv.fr;ORG;FR;75;0;06/11/2017;2017;
irma-reconstruction.gouv.fr;FR;75;PARIS;GANDI;gouv.fr;ORG;FR;75;0;06/11/2017;2017;
reconstruction.gouv.fr;FR;75;PARIS;GANDI;gouv.fr;ORG;FR;75;0;06/11/2017;2017;
societenumerique.gouv.fr;FR;75;PARIS;GANDI;gouv.fr;ORG;FR;75;0;09/11/2017;2017;
lheo.gouv.fr;FR;49;ANGERS;NAMESHIELD;gouv.fr;ORG;FR;75;0;10/11/2017;2017;
monprojetpourlaplanete.gouv.fr;FR;49;ANGERS;NAMESHIELD;gouv.fr;ORG;FR;75;0;14/11/2017;2017;
voeux2018.gouv.fr;FR;75;PARIS;GANDI;gouv.fr;ORG;FR;75;0;14/11/2017;2017;
voeux2019.gouv.fr;FR;75;PARIS;GANDI;gouv.fr;ORG;FR;75;0;14/11/2017;2017;
tour-des-startups.gouv.fr;FR;75;PARIS;GANDI;gouv.fr;ORG;FR;75;0;16/11/2017;2017;
stationnement.gouv.fr;FR;59;SECLIN CEDEX;WORLDLINE;gouv.fr;ORG;FR;75;0;17/11/2017;2017;
fps.gouv.fr;FR;59;SECLIN CEDEX;WORLDLINE;gouv.fr;ORG;FR;75;0;20/11/2017;2017;
plan-entreprises.gouv.fr;FR;75;PARIS;GANDI;gouv.fr;ORG;FR;75;0;24/11/2017;2017;
primealaconversion.gouv.fr;FR;49;ANGERS;NAMESHIELD;gouv.fr;ORG;FR;75;0;11/12/2017;2017;
pacte-entreprises.gouv.fr;FR;75;PARIS;GANDI;gouv.fr;ORG;FR;75;0;21/12/2017;2017;
mer-littoral2030.gouv.fr;FR;49;ANGERS;NAMESHIELD;gouv.fr;ORG;FR;75;0;11/01/2018;2018;
merlittoral2030.gouv.fr;FR;49;ANGERS;NAMESHIELD;gouv.fr;ORG;FR;75;0;11/01/2018;2018;
lutte-pauvrete.gouv.fr;FR;49;ANGERS;NAMESHIELD;gouv.fr;ORG;FR;75;0;12/01/2018;2018;
reforme-retraite.gouv.fr;FR;49;ANGERS;NAMESHIELD;gouv.fr;ORG;FR;75;0;19/01/2018;2018;
reforme-retraites.gouv.fr;FR;49;ANGERS;NAMESHIELD;gouv.fr;ORG;FR;75;0;19/01/2018;2018;
francenum.gouv.fr;FR;49;ANGERS;NAMESHIELD;gouv.fr;ORG;FR;75;0;25/01/2018;2018;
cipdr.gouv.fr;FR;13;MARSEILLE CEDEX 03;SAFEBRANDS;gouv.fr;ORG;FR;75;0;31/01/2018;2018;
egalite-handicap.gouv.fr;FR;75;PARIS;GANDI;gouv.fr;ORG;FR;75;0;02/02/2018;2018;
xn--galit-handicap-9jbf.gouv.fr;FR;75;PARIS;GANDI;gouv.fr;ORG;FR;75;1;02/02/2018;2018;
xn--rforme-retraite-bnb.gouv.fr;FR;49;ANGERS;NAMESHIELD;gouv.fr;ORG;FR;75;1;27/02/2018;2018;
xn--rforme-retraites-bqb.gouv.fr;FR;49;ANGERS;NAMESHIELD;gouv.fr;ORG;FR;75;1;27/02/2018;2018;
tchap.gouv.fr;FR;49;ANGERS;NAMESHIELD;gouv.fr;ORG;FR;75;0;09/03/2018;2018;
assisesdutransportaerien.gouv.fr;FR;49;ANGERS;NAMESHIELD;gouv.fr;ORG;FR;75;0;13/03/2018;2018;
prelevement-a-la-source.gouv.fr;FR;75;PARIS;GANDI;gouv.fr;ORG;FR;75;0;19/03/2018;2018;
projets-environnement.gouv.fr;FR;49;ANGERS;NAMESHIELD;gouv.fr;ORG;FR;75;0;19/03/2018;2018;
xn--cologique-solidaire-9yb.gouv.fr;FR;49;ANGERS;NAMESHIELD;gouv.fr;ORG;FR;75;1;27/03/2018;2018;
transparenceoutremer-guyane.gouv.fr;FR;13;MARSEILLE CEDEX 03;SAFEBRANDS;gouv.fr;ORG;FR;75;0;30/03/2018;2018;
aquoiserventmesimpots.gouv.fr;FR;75;PARIS;GANDI;gouv.fr;ORG;FR;75;0;04/04/2018;2018;
limitesmaritimes.gouv.fr;FR;75;PARIS;GANDI;gouv.fr;ORG;FR;29;0;06/04/2018;2018;
maritimelimits.gouv.fr;FR;75;PARIS;GANDI;gouv.fr;ORG;FR;29;0;06/04/2018;2018;
def.gouv.fr;FR;75;PARIS;Société Française du Radiotéléphone - SFR;gouv.fr;ORG;FR;75;0;11/04/2018;2018;
contributions-villesterritoires.gouv.fr;FR;49;ANGERS;NAMESHIELD;gouv.fr;ORG;FR;75;0;12/04/2018;2018;
consultation-plan-biodiversite.gouv.fr;FR;49;ANGERS;NAMESHIELD;gouv.fr;ORG;FR;75;0;14/05/2018;2018;
ephoto.gouv.fr;FR;75;PARIS;GANDI;gouv.fr;ORG;FR;75;0;30/05/2018;2018;
attention-feu-foret.gouv.fr;FR;49;ANGERS;NAMESHIELD;gouv.fr;ORG;FR;75;0;29/06/2018;2018;
attention-feux-foret.gouv.fr;FR;49;ANGERS;NAMESHIELD;gouv.fr;ORG;FR;75;0;29/06/2018;2018;
nos-demarches.gouv.fr;FR;49;ANGERS;NAMESHIELD;gouv.fr;ORG;FR;75;0;29/06/2018;2018;
nosdemarches.gouv.fr;FR;49;ANGERS;NAMESHIELD;gouv.fr;ORG;FR;75;0;29/06/2018;2018;
commande-publique-numerique.gouv.fr;FR;75;PARIS;GANDI;gouv.fr;ORG;FR;75;0;03/07/2018;2018;
cigeo.gouv.fr;FR;49;ANGERS;NAMESHIELD;gouv.fr;ORG;FR;75;0;16/07/2018;2018;
grands-defis.gouv.fr;FR;75;PARIS;GANDI;gouv.fr;ORG;FR;75;0;18/07/2018;2018;
pluie-inondation.gouv.fr;FR;49;ANGERS;NAMESHIELD;gouv.fr;ORG;FR;75;0;26/07/2018;2018;
villesterritoires-minecraft.gouv.fr;FR;49;ANGERS;NAMESHIELD;gouv.fr;ORG;FR;75;0;27/08/2018;2018;
francestrategie.gouv.fr;FR;75;PARIS;GANDI;gouv.fr;ORG;FR;75;0;03/09/2018;2018;
service-national-universel.gouv.fr;FR;75;PARIS;GANDI;gouv.fr;ORG;FR;75;0;05/09/2018;2018;
grande-cause-quinquennat.gouv.fr;FR;49;ANGERS;NAMESHIELD;gouv.fr;ORG;FR;75;0;10/09/2018;2018;
investirdanslessolidarites.gouv.fr;FR;49;ANGERS;NAMESHIELD;gouv.fr;ORG;FR;75;0;11/09/2018;2018;
signalement-violences-sexuelles-sexistes.gouv.fr;FR;13;MARSEILLE CEDEX 03;SAFEBRANDS;gouv.fr;ORG;FR;75;0;02/10/2018;2018;
centre-documentation-segur.gouv.fr;FR;75;PARIS;GANDI;gouv.fr;ORG;FR;75;0;03/10/2018;2018;
francaisdeletranger.gouv.fr;FR;92;CLICHY-LA-GARENNE;OXYD SARL;gouv.fr;ORG;FR;75;0;08/10/2018;2018;
securitedesagentsdesroutes.gouv.fr;FR;49;ANGERS;NAMESHIELD;gouv.fr;ORG;FR;75;0;08/10/2018;2018;
transparenceoutremer-mayotte.gouv.fr;FR;59;ROUBAIX;OVH;gouv.fr;ORG;FR;97;0;22/10/2018;2018;
glyphosate.gouv.fr;FR;49;ANGERS;NAMESHIELD;gouv.fr;ORG;FR;75;0;23/10/2018;2018;
brexit.gouv.fr;FR;49;ANGERS;NAMESHIELD;gouv.fr;ORG;FR;75;0;02/11/2018;2018;
antibiotiques.gouv.fr;FR;49;ANGERS;NAMESHIELD;gouv.fr;ORG;FR;75;0;06/11/2018;2018;
antibiotique.gouv.fr;FR;49;ANGERS;NAMESHIELD;gouv.fr;ORG;FR;75;0;07/11/2018;2018;
transition-ecologique.gouv.fr;FR;49;ANGERS;NAMESHIELD;gouv.fr;ORG;FR;75;0;15/11/2018;2018;
consultation-ecophyto2plus.gouv.fr;FR;49;ANGERS;NAMESHIELD;gouv.fr;ORG;FR;75;0;16/11/2018;2018;
centre-documentation-spm.gouv.fr;FR;75;PARIS;GANDI;gouv.fr;ORG;FR;75;0;22/11/2018;2018;
lesmetiersen2030.gouv.fr;FR;75;PARIS;GANDI;gouv.fr;ORG;FR;75;0;11/12/2018;2018;
dgcl.gouv.fr;FR;13;MARSEILLE CEDEX 03;SAFEBRANDS;gouv.fr;ORG;FR;75;0;13/12/2018;2018;
primealaconversion-chaudieres.gouv.fr;FR;49;ANGERS;NAMESHIELD;gouv.fr;ORG;FR;75;0;24/01/2019;2019;
bail-mobilite.gouv.fr;FR;49;ANGERS;NAMESHIELD;gouv.fr;ORG;FR;75;0;28/01/2019;2019;
voxusagers.gouv.fr;FR;49;ANGERS;NAMESHIELD;gouv.fr;ORG;FR;75;0;31/01/2019;2019;
territoires-industrie.gouv.fr;FR;49;ANGERS;NAMESHIELD;gouv.fr;ORG;FR;75;0;01/02/2019;2019;
place-emploi-public.gouv.fr;FR;75;PARIS;ORDIPAT;gouv.fr;ORG;FR;75;0;12/02/2019;2019;
amenagement-numerique.gouv.fr;FR;75;PARIS;GANDI;gouv.fr;ORG;FR;75;0;13/02/2019;2019;
formationgestiondecrise.gouv.fr;FR;75;PARIS;GANDI;gouv.fr;ORG;FR;75;0;27/02/2019;2019;
xn--bail-mobilit-meb.gouv.fr;FR;49;ANGERS;NAMESHIELD;gouv.fr;ORG;FR;75;1;27/02/2019;2019;
oups.gouv.fr;FR;75;PARIS;GANDI;gouv.fr;ORG;FR;75;0;01/03/2019;2019;
prime-chaudieres.gouv.fr;FR;49;ANGERS;NAMESHIELD;gouv.fr;ORG;FR;75;0;14/03/2019;2019;
jechangemavoiture.gouv.fr;FR;49;ANGERS;NAMESHIELD;gouv.fr;ORG;FR;75;0;25/03/2019;2019;
boss.gouv.fr;FR;49;ANGERS;NAMESHIELD;gouv.fr;ORG;FR;75;0;26/03/2019;2019;
facilhabitat.gouv.fr;FR;38;GRENOBLE;BUSINESS & DECISION INTERACTIVE EOLAS;gouv.fr;ORG;FR;75;0;16/04/2019;2019;
notre-dame.gouv.fr;FR;75;PARIS;GANDI;gouv.fr;ORG;FR;75;0;16/04/2019;2019;
rebatirnotredame.gouv.fr;FR;75;PARIS;GANDI;gouv.fr;ORG;FR;75;0;16/04/2019;2019;
abonnement-presse.gouv.fr;FR;75;PARIS;GANDI;gouv.fr;ORG;FR;75;0;17/04/2019;2019;
rebuildnotredame.gouv.fr;FR;75;PARIS;GANDI;gouv.fr;ORG;FR;75;0;17/04/2019;2019;
